gtbboxid,classid,imageid,lx,rx,ty,by,difficult,split
0,64,0,0.1957,0.3913,0.4409,0.4756,0,base
1,14,0,0.1522,0.3935,0.4764,0.5227,0,base
2,2,0,0.2174,0.3196,0.52,0.5644,0,validation
3,40,0,0.4239,0.5326,0.4409,0.4951,0,base
4,2,0,0.413,0.5109,0.4987,0.552,0,validation
5,166,0,0.5957,0.7826,0.4364,0.5129,0,base
6,83,0,0.5978,0.713,0.5067,0.5547,0,base
7,109,0,0.7978,0.937,0.4498,0.4942,0,base
8,2,0,0.8,0.8783,0.5022,0.5511,0,validation
9,72,0,0.0717,0.1739,0.4356,0.56,0,base
10,54,1,0.0013,0.1361,0,0.243,0,base
11,128,1,0.151,0.235,0.0187,0.081,0,base
12,18,1,0.138,0.2155,0.0935,0.2445,0,base
13,37,1,0.2396,0.3151,0.014,0.0607,0,base
14,125,1,0.2624,0.2884,0.0607,0.2072,0,base
15,48,1,0.3281,0.3841,0.0016,0.0763,0,base
16,4,1,0.3359,0.3568,0.0857,0.1231,0,base
17,39,1,0.3255,0.3672,0.1355,0.2103,0,validation
18,47,1,0.4023,0.5104,0,0.0732,0,base
19,3,1,0.401,0.446,0.0732,0.1231,0,base
20,63,1,0.4661,0.4896,0.0607,0.2072,0,base
21,48,1,0.5241,0.582,0.0016,0.0732,0,base
22,4,1,0.5326,0.5521,0.0857,0.1386,0,base
23,1,1,0.5462,0.6152,0.0483,0.2368,0,base
24,39,1,0.638,0.6888,0.0047,0.0935,0,validation
25,3,1,0.6309,0.6849,0.1231,0.1885,0,base
26,136,1,0.7005,0.75,0.0171,0.0857,0,base
27,3,1,0.7005,0.7507,0.1168,0.1729,0,base
28,48,1,0.7669,0.8229,0.0109,0.0981,0,base
29,4,1,0.776,0.7969,0.1075,0.1698,0,base
30,1,1,0.8138,0.8594,0.014,0.2227,0,base
31,203,1,0.8835,0.9408,0,0.081,0,base
32,3,1,0.8867,0.9382,0.0857,0.1386,0,base
33,188,1,0.8828,0.9746,0.1495,0.1994,0,base
34,48,1,0.0026,0.0573,0.2679,0.3598,0,base
35,4,1,0.0085,0.0286,0.3785,0.4361,0,base
36,1,1,0.0469,0.0911,0.285,0.4844,0,base
37,92,1,0.1367,0.1901,0.2664,0.4922,0,base
38,6,1,0.1914,0.2969,0.2695,0.3224,0,base
39,3,1,0.2122,0.2617,0.3224,0.3754,0,base
40,48,1,0.222,0.2852,0.3925,0.4782,0,base
41,4,1,0.3099,0.3262,0.2632,0.3053,0,base
42,1,1,0.2891,0.3392,0.3162,0.4735,0,base
43,5,1,0.3776,0.4089,0.2508,0.4237,0,base
44,38,1,0.3776,0.4167,0.4408,0.4969,0,base
45,3,1,0.4277,0.4805,0.2632,0.3193,0,base
46,48,1,0.4401,0.5013,0.3318,0.4174,0,base
47,4,1,0.4505,0.4714,0.4252,0.472,0,base
48,1,1,0.5026,0.5469,0.2664,0.4626,0,base
49,72,1,0.5807,0.6862,0.2664,0.3162,0,base
50,6,1,0.5677,0.6732,0.3349,0.391,0,base
51,3,1,0.5918,0.6439,0.3972,0.4533,0,base
52,48,1,0.7005,0.7663,0.257,0.3364,0,base
53,4,1,0.7142,0.7344,0.3364,0.3879,0,base
54,1,1,0.6875,0.7943,0.4097,0.4657,0,base
55,9,1,0.8262,0.875,0.2555,0.3567,0,base
56,3,1,0.819,0.8704,0.3754,0.4377,0,base
57,191,1,0.8783,0.9297,0.257,0.3816,0,base
58,3,1,0.8776,0.9232,0.3972,0.4564,0,base
59,187,1,0.9382,0.9896,0.243,0.4283,0,validation
60,3,1,0.9388,0.9896,0.4346,0.4782,0,base
61,174,1,0.0078,0.0586,0.5156,0.6215,0,base
62,48,1,0.0736,0.1432,0.5156,0.5981,0,base
63,3,1,0.0104,0.0599,0.6402,0.7087,0,base
64,1,1,0.0755,0.1276,0.6059,0.7523,0,base
65,8,1,0.1673,0.237,0.5031,0.6776,0,base
66,8,1,0.2448,0.3125,0.5031,0.6698,0,base
67,3,1,0.1719,0.2279,0.6807,0.7383,0,base
68,3,1,0.2552,0.306,0.6776,0.7336,0,base
69,158,1,0.3392,0.4063,0.5031,0.6791,0,validation
70,3,1,0.3438,0.3997,0.6838,0.7399,0,base
71,9,1,0.4714,0.5104,0.5031,0.5841,0,base
72,3,1,0.5195,0.5651,0.5031,0.5654,0,base
73,1,1,0.5208,0.5807,0.5514,0.7399,0,base
74,155,1,0.61,0.7135,0.5047,0.7477,0,base
75,3,1,0.7109,0.7591,0.5078,0.5607,0,base
76,144,1,0.7161,0.7663,0.5857,0.7461,0,base
77,144,1,0.8021,0.8542,0.5062,0.6713,0,base
78,3,1,0.8047,0.8522,0.6791,0.7399,0,base
79,48,1,0.8802,0.9375,0.5062,0.6044,0,base
80,4,1,0.8906,0.9115,0.6168,0.6776,0,base
81,1,1,0.9258,0.9766,0.5312,0.7461,0,base
82,7,1,0,0.0293,0.7773,0.9891,0,base
83,5,1,0.0456,0.0807,0.7664,0.9299,0,base
84,3,1,0.0365,0.0885,0.9517,0.9984,0,base
85,48,1,0.1094,0.1673,0.7773,0.8583,0,base
86,4,1,0.1224,0.1419,0.8598,0.9081,0,base
87,1,1,0.1022,0.1992,0.9268,0.9798,0,base
88,158,1,0.2272,0.3001,0.7648,0.9393,0,validation
89,8,1,0.3112,0.3743,0.7648,0.9299,0,base
90,3,1,0.2793,0.3359,0.9455,0.9953,0,base
91,48,1,0.3906,0.4453,0.7726,0.8458,0,base
92,4,1,0.401,0.4199,0.8645,0.9268,0,base
93,1,1,0.4167,0.4635,0.852,0.9969,0,base
94,162,1,0.4935,0.5286,0.785,0.9922,0,base
95,16,1,0.5397,0.6068,0.7601,0.9953,0,base
96,3,1,0.6172,0.6699,0.7648,0.8224,0,base
97,4,1,0.6367,0.6497,0.8333,0.8769,0,base
98,1,1,0.6107,0.6771,0.8645,0.9844,0,base
99,28,1,0.7201,0.8079,0.7555,0.9346,0,base
100,142,1,0.7604,0.875,0.8894,0.9953,0,base
101,3,1,0.8385,0.8906,0.7664,0.8333,0,base
102,48,1,0.8971,0.9531,0.7648,0.8458,0,base
103,4,1,0.8997,0.9173,0.8645,0.9143,0,base
104,1,1,0.9245,0.9805,0.8146,0.9844,0,base
105,5,2,0.0323,0.064,0.0248,0.2558,0,base
106,5,2,0.0691,0.102,0.0186,0.2543,0,base
107,13,2,0.1052,0.1426,0.0186,0.2574,0,base
108,13,2,0.0957,0.1413,0.262,0.5054,0,base
109,3,2,0.1477,0.1933,0.0093,0.0744,0,base
110,4,2,0.1603,0.1755,0.1054,0.1798,0,base
111,1,2,0.1831,0.2269,0.0279,0.2496,0,base
112,48,2,0.2579,0.3175,0.0031,0.076,0,base
113,16,2,0.2573,0.3181,0.0574,0.2496,0,base
114,3,2,0.3403,0.3866,0.0031,0.0558,0,base
115,4,2,0.358,0.3733,0.0682,0.1178,0,base
116,1,2,0.358,0.4119,0.0698,0.2481,0,base
117,28,2,0.4354,0.4873,0.0016,0.2496,0,base
118,48,2,0.5101,0.5653,0,0.0589,0,base
119,16,2,0.5089,0.5792,0.045,0.2512,0,base
120,31,2,0.59,0.6223,0.0031,0.0558,0,base
121,7,2,0.59,0.6242,0.0636,0.2481,0,base
122,134,2,0.32,0.3435,0.1488,0.2574,0,base
123,14,2,0.6458,0.749,0.0062,0.1194,0,base
124,11,2,0.6736,0.7104,0.1256,0.2481,0,base
125,83,2,0.7497,0.8067,0,0.1116,0,base
126,2,2,0.7586,0.7915,0.1194,0.2357,0,validation
127,155,2,0.82,0.8802,0.0496,0.2481,0,base
128,4,2,0.8904,0.9106,0.0062,0.0496,0,base
129,7,2,0.884,0.917,0.0744,0.2481,0,base
130,14,2,0.9259,0.9968,0.0062,0.1054,0,base
131,42,2,0.9322,0.9968,0.1302,0.2062,0,base
132,83,2,0.0285,0.083,0.2744,0.3969,0,base
133,2,2,0.0387,0.0672,0.4031,0.5023,0,validation
134,31,2,0.1806,0.2148,0.2791,0.3287,0,base
135,7,2,0.1831,0.2161,0.3349,0.5085,0,base
136,177,2,0.2471,0.353,0.2636,0.5023,0,base
137,70,2,0.3663,0.4037,0.2605,0.3721,0,base
138,29,2,0.4322,0.4747,0.2729,0.3597,0,validation
139,38,2,0.4341,0.481,0.4403,0.5039,0,base
140,14,2,0.481,0.5735,0.2853,0.386,0,base
141,112,2,0.5108,0.5558,0.3969,0.5039,0,base
142,71,2,0.5837,0.6343,0.2729,0.3597,0,base
143,11,2,0.5963,0.6299,0.3845,0.4961,0,base
144,98,2,0.642,0.725,0.2605,0.3845,0,base
145,60,2,0.7586,0.8321,0.2667,0.5023,0,base
146,5,2,0.8409,0.8701,0.2589,0.4295,0,base
147,37,2,0.8384,0.9106,0.4295,0.4791,0,base
148,50,2,0.9259,0.9689,0.3101,0.4992,0,base
149,149,2,0.0425,0.0773,0.5271,0.6217,0,base
150,195,2,0.0272,0.1052,0.631,0.7008,0,base
151,28,2,0.1198,0.1812,0.5271,0.7085,0,base
152,16,2,0.1838,0.2516,0.5147,0.7256,0,base
153,4,2,0.2674,0.2921,0.5333,0.5907,0,base
154,29,2,0.2643,0.3029,0.614,0.7039,0,validation
155,125,2,0.3428,0.3682,0.5271,0.676,0,base
156,6,2,0.3264,0.4087,0.6822,0.7318,0,base
157,72,2,0.4087,0.5,0.5271,0.5767,0,base
158,37,2,0.4062,0.4823,0.5891,0.6372,0,base
159,117,2,0.4265,0.4721,0.6636,0.7132,0,base
160,206,2,0.5304,0.5875,0.5271,0.7504,0,base
161,4,2,0.5913,0.6039,0.6078,0.6574,0,base
162,78,2,0.6046,0.6572,0.5147,0.6031,0,base
163,180,2,0.5722,0.7053,0.6264,0.7488,0,base
164,14,2,0.7332,0.8371,0.5209,0.6264,0,base
165,14,2,0.7433,0.8371,0.6233,0.7395,0,base
166,31,2,0.8447,0.8726,0.5147,0.5643,0,base
167,7,2,0.8454,0.8739,0.5721,0.7473,0,base
168,14,2,0.8866,0.9639,0.555,0.7442,0,base
169,134,2,0.9575,0.9867,0.6093,0.7442,0,base
170,23,2,0.0215,0.1198,0.7752,0.9984,0,base
171,29,2,0.1204,0.1553,0.7969,0.8698,0,validation
172,29,2,0.3416,0.3783,0.7984,0.8884,0,validation
173,28,2,0.3961,0.4651,0.7643,0.9814,0,base
174,16,2,0.4759,0.5482,0.7628,0.9984,0,base
175,31,2,0.5583,0.5894,0.7705,0.8217,0,base
176,7,2,0.5589,0.5894,0.8248,0.9984,0,base
177,14,2,0.6077,0.7079,0.7783,0.8806,0,base
178,38,2,0.6293,0.6755,0.9209,0.9953,0,base
179,37,2,0.718,0.7902,0.769,0.8186,0,base
180,194,2,0.6977,0.8555,0.8186,0.9814,0,base
181,5,2,0.8714,0.903,0.7845,0.9938,0,base
182,5,2,0.9062,0.9347,0.7891,0.9938,0,base
183,28,2,0.9442,0.9956,0.7504,0.924,0,base
184,29,2,0.9518,0.9949,0.9271,0.9922,0,validation
185,14,3,0,0.0859,0.0152,0.1076,0,base
186,14,3,0.1109,0.1923,0.0061,0.1152,0,base
187,29,3,0.0224,0.0577,0.1348,0.2091,0,validation
188,48,3,0.0718,0.1256,0.1348,0.2121,0,base
189,33,3,0.1333,0.1705,0.1364,0.2303,0,base
190,66,3,0.2128,0.2718,0.0803,0.2242,0,base
191,89,3,0.2705,0.3263,0.0242,0.1818,0,base
192,151,3,0.3295,0.3872,0.0212,0.2303,0,base
193,29,3,0.3974,0.4372,0.0076,0.0924,0,validation
194,48,3,0.4026,0.459,0.1182,0.2121,0,base
195,33,3,0.4487,0.4872,0.1697,0.2364,0,base
196,44,3,0.5192,0.5949,0.0121,0.0636,0,validation
197,89,3,0.5231,0.5795,0.0788,0.1712,0,base
198,126,3,0.5103,0.6308,0.1818,0.2394,0,base
199,29,3,0.6282,0.6641,0.0061,0.0803,0,validation
200,48,3,0.6308,0.6846,0.0848,0.1515,0,base
201,33,3,0.6397,0.6821,0.1606,0.2379,0,base
202,5,3,0.7064,0.7333,0.0212,0.2364,0,base
203,5,3,0.741,0.7641,0.0303,0.2379,0,base
204,28,3,0.7827,0.8718,0.0015,0.1758,0,base
205,29,3,0.8846,0.9205,0.0121,0.0985,0,validation
206,89,3,0.8744,0.9205,0.1121,0.2364,0,base
207,48,3,0.9333,0.9795,0.0273,0.1045,0,base
208,33,3,0.9365,0.9756,0.15,0.2485,0,base
209,48,3,0.0051,0.059,0.2424,0.3045,0,base
210,16,3,0.0115,0.075,0.297,0.4803,0,base
211,171,3,0.0827,0.1846,0.2545,0.3091,0,base
212,48,3,0.1032,0.1577,0.3212,0.397,0,base
213,33,3,0.1058,0.1442,0.4061,0.4788,0,base
214,5,3,0.2077,0.2359,0.2727,0.4742,0,base
215,28,3,0.2308,0.2994,0.247,0.4288,0,base
216,29,3,0.3167,0.359,0.2545,0.3394,0,validation
217,89,3,0.3135,0.3641,0.3606,0.4727,0,base
218,11,3,0.3872,0.4179,0.2788,0.3818,0,base
219,86,3,0.434,0.4987,0.2621,0.4848,0,base
220,11,3,0.5218,0.5538,0.2667,0.3636,0,base
221,52,3,0.5128,0.5718,0.4,0.4788,0,base
222,12,3,0.5962,0.6462,0.2606,0.3909,0,base
223,2,3,0.6051,0.6359,0.4015,0.4848,0,validation
224,35,3,0.6615,0.7038,0.2727,0.3152,0,base
225,41,3,0.6615,0.7,0.3515,0.4379,0,base
226,30,3,0.7032,0.7872,0.247,0.4727,0,validation
227,5,3,0.8103,0.8359,0.2682,0.4848,0,base
228,5,3,0.8397,0.8667,0.297,0.4848,0,base
229,28,3,0.8962,0.9846,0.2682,0.4485,0,base
230,29,3,0.0205,0.0564,0.5091,0.5879,0,validation
231,34,3,0.0205,0.0635,0.6152,0.6939,0,base
232,47,3,0.0955,0.2115,0.4909,0.5515,0,base
233,87,3,0.0981,0.141,0.5667,0.7242,0,base
234,135,3,0.1462,0.209,0.5455,0.7288,0,base
235,12,3,0.2077,0.2538,0.5955,0.7273,0,base
236,6,3,0.25,0.3436,0.5091,0.553,0,base
237,9,3,0.1724,0.2026,0.5242,0.5773,0,base
238,9,3,0.4462,0.4897,0.4909,0.5939,0,base
239,12,3,0.4795,0.5231,0.5636,0.7242,0,base
240,28,3,0.5673,0.6519,0.5091,0.697,0,base
241,29,3,0.6513,0.691,0.5045,0.597,0,validation
242,34,3,0.6641,0.7077,0.6258,0.703,0,base
243,106,3,0.7333,0.7981,0.5227,0.5758,0,base
244,119,3,0.7462,0.7718,0.5788,0.7333,0,base
245,109,3,0.8109,0.8628,0.5212,0.6242,0,base
246,9,3,0.809,0.8538,0.6364,0.7333,0,base
247,12,3,0.8596,0.9128,0.5697,0.703,0,base
248,73,3,0.9064,0.9929,0.5182,0.6,0,base
249,10,3,0.9,0.9846,0.65,0.697,0,base
250,108,3,0.0058,0.0731,0.7424,0.8606,0,base
251,12,3,0.0186,0.0692,0.8621,0.9758,0,base
252,146,3,0.1231,0.1692,0.7636,0.8364,0,base
253,186,3,0.116,0.1724,0.8424,0.9712,0,base
254,40,3,0.1872,0.234,0.7394,0.8545,0,base
255,42,3,0.2692,0.3282,0.7515,0.8182,0,base
256,61,3,0.2756,0.3231,0.8136,0.9621,0,base
257,10,3,0.341,0.4282,0.7576,0.8136,0,base
258,12,3,0.1872,0.2359,0.85,0.9773,0,base
259,12,3,0.3615,0.4128,0.8318,0.9833,0,base
260,55,3,0.4551,0.5135,0.7515,0.803,0,base
261,129,3,0.4513,0.516,0.8364,0.8924,0,base
262,205,3,0.5276,0.5808,0.797,0.9788,0,base
263,9,3,0.5596,0.6032,0.7409,0.8303,0,base
264,12,3,0.6051,0.6564,0.7758,0.9394,0,base
265,28,3,0.6859,0.7705,0.7576,0.9455,0,base
266,29,3,0.7705,0.8128,0.7606,0.8485,0,validation
267,34,3,0.7821,0.8256,0.8727,0.9515,0,base
268,45,3,0.8404,0.9205,0.7485,0.9848,0,base
269,2,3,0.9333,0.9641,0.7606,0.8485,0,validation
270,35,3,0.9256,0.9692,0.8621,0.897,0,base
271,41,3,0.9256,0.9641,0.9091,0.9773,0,base
272,179,3,0.3,0.459,0.5091,0.7333,0,base
273,30,4,0.0324,0.1081,0.0599,0.275,0,validation
274,18,4,0.1298,0.215,0.0568,0.278,0,base
275,45,4,0.2379,0.3225,0.0307,0.2688,0,base
276,156,4,0.3448,0.4669,0.0353,0.1951,0,base
277,84,4,0.3677,0.4777,0.1736,0.2688,0,base
278,73,4,0.4771,0.5789,0.0184,0.149,0,base
279,45,4,0.5738,0.6527,0.0246,0.2627,0,base
280,28,4,0.6851,0.7824,0.023,0.2473,0,base
281,29,4,0.7863,0.827,0.023,0.1045,0,validation
282,34,4,0.7907,0.8384,0.1275,0.2043,0,base
283,2,4,0.8702,0.9097,0.1336,0.2289,0,validation
284,35,4,0.9351,0.9835,0.0169,0.063,0,base
285,36,4,0.8562,0.9205,0.02,0.1106,0,base
286,41,4,0.9427,0.9809,0.0799,0.1521,0,base
287,30,4,0.035,0.1132,0.2903,0.5084,0,validation
288,28,4,0.1438,0.2303,0.2995,0.4962,0,base
289,5,4,0.1921,0.2176,0.2826,0.4194,0,base
290,29,4,0.2328,0.2735,0.2949,0.381,0,validation
291,34,4,0.2385,0.2837,0.4132,0.4946,0,base
292,24,4,0.3098,0.4224,0.2811,0.5146,0,base
293,36,4,0.4262,0.4955,0.3564,0.4531,0,base
294,20,4,0.5038,0.5948,0.2949,0.5054,0,base
295,36,4,0.5992,0.6705,0.3364,0.447,0,base
296,172,4,0.6832,0.7786,0.3364,0.5023,0,base
297,87,4,0.757,0.8028,0.2719,0.3671,0,base
298,17,4,0.7723,0.874,0.2934,0.5023,0,base
299,9,4,0.8562,0.9008,0.2627,0.3548,0,base
300,36,4,0.888,0.9631,0.361,0.4562,0,base
301,157,4,0.042,0.1209,0.5422,0.7788,0,base
302,6,4,0.1107,0.2023,0.5469,0.5945,0,base
303,17,4,0.1177,0.215,0.6129,0.7727,0,base
304,192,4,0.2316,0.2697,0.5361,0.639,0,base
305,36,4,0.2214,0.2888,0.6743,0.7604,0,base
306,127,4,0.3193,0.369,0.5392,0.6436,0,base
307,90,4,0.3193,0.4128,0.5776,0.7604,0,base
308,17,4,0.4135,0.5038,0.533,0.7604,0,base
309,9,4,0.486,0.5305,0.5207,0.5945,0,base
310,190,4,0.5178,0.5891,0.6083,0.7189,0,base
311,5,4,0.6151,0.6463,0.5392,0.7542,0,base
312,28,4,0.6679,0.7621,0.5146,0.7112,0,base
313,29,4,0.7672,0.8053,0.5223,0.6129,0,validation
314,34,4,0.7723,0.8193,0.639,0.7174,0,base
315,10,4,0.8467,0.9224,0.5207,0.5699,0,base
316,2,4,0.8569,0.8919,0.5837,0.6805,0,validation
317,35,4,0.8613,0.9046,0.6882,0.7327,0,base
318,41,4,0.9052,0.9402,0.576,0.6528,0,base
319,30,4,0.9402,0.9987,0.5023,0.7051,0,validation
320,28,4,0.0598,0.1399,0.8157,0.9939,0,base
321,29,4,0.1374,0.1724,0.8065,0.8863,0,validation
322,34,4,0.145,0.1883,0.9171,0.9816,0,base
323,66,4,0.2233,0.2723,0.8003,0.8955,0,base
324,141,4,0.2214,0.2716,0.9109,1,0,base
325,170,4,0.2888,0.3861,0.808,0.8771,0,base
326,9,4,0.32,0.3632,0.871,0.9447,0,base
327,10,4,0.2945,0.3791,0.957,0.9954,0,base
328,127,4,0.4186,0.4618,0.8034,0.8833,0,base
329,202,4,0.4084,0.4987,0.8833,0.9631,0,base
330,23,4,0.5337,0.598,0.7665,0.8925,0,base
331,10,4,0.5204,0.5992,0.9278,0.9724,0,base
332,56,4,0.6718,0.7341,0.8157,0.9508,0,base
333,126,4,0.631,0.7646,0.9278,1.0015,0,base
334,27,4,0.7551,0.8142,0.7696,0.9109,0,base
335,9,4,0.8041,0.8416,0.7496,0.8233,0,base
336,10,4,0.7774,0.8639,0.9171,0.9754,0,base
337,5,4,0.8931,0.9198,0.7849,0.9954,0,base
338,28,4,0.9478,0.9987,0.7742,0.9601,0,base
339,53,4,0.0477,0.1031,0.6989,0.7788,0,base
340,43,5,0.0476,0.1062,0.0152,0.0822,0,base
341,48,5,0.0547,0.1088,0.0837,0.1553,0,base
342,33,5,0.0605,0.0985,0.1492,0.2298,0,base
343,17,5,0.1274,0.204,0.0046,0.1339,0,base
344,76,5,0.1892,0.213,0.1096,0.2344,0,base
345,96,5,0.2439,0.2896,0.0122,0.0761,0,base
346,71,5,0.2381,0.2915,0.1796,0.2344,0,base
347,75,5,0.2967,0.406,0.2009,0.242,0,base
348,185,5,0.4311,0.4884,0.0122,0.1005,0,base
349,52,5,0.4356,0.4987,0.1065,0.1766,0,base
350,84,5,0.435,0.5174,0.1705,0.2466,0,base
351,48,5,0.536,0.594,0.0213,0.102,0,base
352,33,5,0.5476,0.5875,0.1142,0.2116,0,base
353,5,5,0.6236,0.6474,0.0091,0.1674,0,base
354,85,5,0.648,0.7587,0.0122,0.1674,0,base
355,70,5,0.6287,0.6596,0.1553,0.2466,0,base
356,41,5,0.6866,0.7272,0.1811,0.2527,0,base
357,29,5,0.7677,0.8063,0.0244,0.1005,0,validation
358,48,5,0.7651,0.8192,0.1035,0.1735,0,base
359,33,5,0.7703,0.8115,0.1811,0.2603,0,base
360,38,5,0.8353,0.8887,0.0274,0.1142,0,base
361,70,5,0.8411,0.8764,0.1248,0.2222,0,base
362,78,5,0.9015,0.9492,0.035,0.1126,0,base
363,73,5,0.8861,0.9691,0.1233,0.2055,0,base
364,29,5,0.9633,1,0.0335,0.1126,0,validation
365,48,5,0.971,0.9994,0.1202,0.1887,0,base
366,33,5,0.971,1,0.207,0.2679,0,base
367,82,5,0.0418,0.1139,0.2527,0.3318,0,base
368,59,5,0.0579,0.1036,0.3394,0.417,0,base
369,77,5,0.101,0.1486,0.2511,0.4703,0,base
370,169,5,0.1506,0.2696,0.242,0.3577,0,base
371,57,5,0.1744,0.2458,0.3531,0.449,0,base
372,58,5,0.2864,0.3288,0.2588,0.3135,0,base
373,48,5,0.2864,0.3417,0.3196,0.3866,0,base
374,33,5,0.2902,0.3333,0.3988,0.4779,0,base
375,71,5,0.3674,0.4189,0.2588,0.344,0,base
376,58,5,0.3739,0.4151,0.3775,0.4353,0,base
377,58,5,0.4337,0.4768,0.4262,0.4779,0,base
378,119,5,0.4369,0.4627,0.2725,0.417,0,base
379,86,5,0.4871,0.5412,0.2861,0.4855,0,base
380,60,5,0.5701,0.6338,0.2709,0.4962,0,base
381,71,5,0.6467,0.6943,0.2648,0.3349,0,base
382,19,5,0.6429,0.7252,0.3212,0.4977,0,base
383,63,5,0.7432,0.7664,0.3014,0.5023,0,base
384,48,5,0.7812,0.8346,0.2892,0.3562,0,base
385,33,5,0.7844,0.8269,0.3988,0.4977,0,base
386,158,5,0.8604,0.9266,0.277,0.449,0,validation
387,59,5,0.9479,0.9923,0.3044,0.3744,0,base
388,84,5,0.8655,0.9517,0.4444,0.5084,0,base
389,11,5,0.9659,0.9968,0.4049,0.5023,0,base
390,48,5,0.0444,0.101,0.4871,0.5647,0,base
391,81,5,0.1474,0.195,0.4886,0.6119,0,base
392,6,5,0.1345,0.2246,0.624,0.6667,0,base
393,75,5,0.1293,0.2387,0.6819,0.7184,0,base
394,80,5,0.2297,0.2973,0.5145,0.5693,0,base
395,52,5,0.2458,0.3076,0.5906,0.6697,0,base
396,43,5,0.323,0.3803,0.5023,0.5708,0,base
397,37,5,0.3121,0.3855,0.5814,0.6301,0,base
398,62,5,0.3095,0.3906,0.6484,0.6925,0,base
399,17,5,0.4125,0.4923,0.5145,0.6423,0,base
400,76,5,0.4768,0.4968,0.5951,0.7382,0,base
401,96,5,0.5283,0.5772,0.5145,0.5769,0,base
402,71,5,0.5045,0.621,0.6438,0.7412,0,base
403,59,5,0.6532,0.6969,0.5205,0.5936,0,base
404,132,5,0.6441,0.722,0.6088,0.691,0,base
405,144,5,0.7259,0.7799,0.551,0.7473,0,base
406,37,5,0.7838,0.8578,0.5464,0.6012,0,base
407,62,5,0.7812,0.8616,0.624,0.6788,0,base
408,74,5,0.8771,0.8996,0.5236,0.7032,0,base
409,33,5,0.8835,0.9183,0.691,0.7534,0,base
410,5,5,0.9595,0.9852,0.5175,0.6484,0,base
411,70,5,0.953,0.9852,0.6514,0.7504,0,base
412,85,5,0.0251,0.148,0.7275,0.93,0,base
413,41,5,0.083,0.1223,0.8919,0.9528,0,base
414,73,5,0.1422,0.2291,0.7443,0.8128,0,base
415,37,5,0.1448,0.2175,0.825,0.8706,0,base
416,62,5,0.1461,0.2329,0.8889,0.9361,0,base
417,6,5,0.2561,0.3488,0.7519,0.8021,0,base
418,78,5,0.2767,0.3256,0.8082,0.8828,0,base
419,73,5,0.2735,0.361,0.8889,0.9589,0,base
420,29,5,0.3745,0.4131,0.761,0.8493,0,validation
421,37,5,0.3623,0.4279,0.8645,0.9072,0,base
422,62,5,0.3713,0.4459,0.9163,0.9619,0,base
423,74,5,0.455,0.4781,0.7519,0.9056,0,base
424,33,5,0.4543,0.4955,0.9224,0.9893,0,base
425,82,5,0.5245,0.5978,0.7671,0.8432,0,base
426,59,5,0.5322,0.5772,0.8569,0.9224,0,base
427,77,5,0.5901,0.6268,0.7626,0.9924,0,base
428,169,5,0.6441,0.7735,0.7519,0.8798,0,base
429,57,5,0.6647,0.7497,0.8752,0.9619,0,base
430,58,5,0.7896,0.8333,0.7823,0.8341,0,base
431,37,5,0.7754,0.843,0.8447,0.8919,0,base
432,62,5,0.7728,0.8552,0.9163,0.9711,0,base
433,74,5,0.8655,0.8861,0.7717,0.9132,0,base
434,33,5,0.8578,0.8964,0.9315,0.997,0,base
435,60,5,0.9183,0.9916,0.7717,0.9954,0,base
436,71,6,0.0045,0.0538,0.0016,0.0748,0,base
437,19,6,0.0006,0.0824,0.0421,0.2477,0,base
438,63,6,0.0992,0.1258,0.0483,0.2508,0,base
439,37,6,0.1342,0.2017,0.0202,0.067,0,base
440,62,6,0.1297,0.2069,0.1012,0.1542,0,base
441,74,6,0.2218,0.2425,0.0031,0.1791,0,base
442,33,6,0.2049,0.2451,0.1838,0.2492,0,base
443,2,6,0.2795,0.3106,0.0078,0.1106,0,validation
444,2,6,0.2795,0.3132,0.1386,0.229,0,validation
445,90,6,0.3152,0.4105,0,0.148,0,base
446,158,6,0.3508,0.4176,0.0654,0.229,0,validation
447,48,6,0.4254,0.4773,0.0109,0.0794,0,base
448,48,6,0.4274,0.4818,0.0872,0.1604,0,base
449,33,6,0.4326,0.4741,0.162,0.2445,0,base
450,2,6,0.5091,0.5415,0.0062,0.1168,0,validation
451,2,6,0.5104,0.5415,0.1371,0.2321,0,validation
452,62,6,0.5493,0.6278,0.0171,0.0639,0,base
453,158,6,0.5597,0.6245,0.067,0.229,0,validation
454,48,6,0.6427,0.6978,0.0062,0.0857,0,base
455,48,6,0.6459,0.7023,0.095,0.162,0,base
456,33,6,0.653,0.6971,0.1667,0.2414,0,base
457,66,6,0.7257,0.7711,0.0109,0.0981,0,base
458,37,6,0.7231,0.7879,0.1137,0.1604,0,base
459,38,6,0.7309,0.7776,0.1791,0.2383,0,base
460,151,6,0.7931,0.8515,0.0296,0.2414,0,base
461,68,6,0.8709,0.9053,0.0047,0.0701,0,base
462,65,6,0.8684,0.9125,0.0872,0.2259,0,base
463,48,6,0.9261,0.978,0.0436,0.1293,0,base
464,14,6,0.0019,0.083,0.2835,0.3816,0,base
465,37,6,0.0006,0.0752,0.3879,0.4393,0,base
466,38,6,0.0246,0.0636,0.4439,0.5,0,base
467,14,6,0.0901,0.1757,0.2664,0.3629,0,base
468,77,6,0.0888,0.1446,0.3551,0.4969,0,base
469,65,6,0.1822,0.2341,0.257,0.3723,0,base
470,48,6,0.1887,0.2419,0.3785,0.4502,0,base
471,44,6,0.262,0.3346,0.285,0.3474,0,validation
472,37,6,0.2639,0.3288,0.3598,0.4097,0,base
473,38,6,0.2769,0.321,0.4283,0.4922,0,base
474,126,6,0.3327,0.4481,0.4221,0.4969,0,base
475,68,6,0.4416,0.4792,0.2555,0.3224,0,base
476,65,6,0.487,0.5363,0.2508,0.3785,0,base
477,48,6,0.4896,0.5473,0.3972,0.4782,0,base
478,5,6,0.5707,0.6031,0.2632,0.4907,0,base
479,28,6,0.6167,0.6946,0.2664,0.447,0,base
480,13,6,0.6939,0.7335,0.257,0.4907,0,base
481,47,6,0.7588,0.8573,0.2539,0.3146,0,base
482,34,6,0.7685,0.8087,0.3162,0.3816,0,base
483,3,6,0.762,0.8061,0.3972,0.4439,0,base
484,4,6,0.8171,0.832,0.3536,0.3925,0,base
485,63,6,0.8528,0.8735,0.3162,0.4533,0,base
486,75,6,0.7601,0.8742,0.4595,0.486,0,base
487,4,6,0.8917,0.9105,0.2664,0.3162,0,base
488,50,6,0.8865,0.9235,0.3801,0.4907,0,base
489,66,6,0.9339,0.9831,0.2664,0.338,0,base
490,155,6,0.9449,0.9786,0.3302,0.4891,0,base
491,48,6,0.0175,0.072,0.5187,0.5841,0,base
492,16,6,0.024,0.0778,0.5732,0.7539,0,base
493,47,6,0.0966,0.2095,0.5156,0.5685,0,base
494,3,6,0.1556,0.2004,0.553,0.5966,0,base
495,119,6,0.1122,0.1349,0.5654,0.6963,0,base
496,63,6,0.1712,0.1913,0.6059,0.7243,0,base
497,75,6,0.0953,0.2205,0.7212,0.7539,0,base
498,119,6,0.2302,0.2536,0.5296,0.6589,0,base
499,50,6,0.2652,0.3054,0.5966,0.7523,0,base
500,119,6,0.321,0.3444,0.5156,0.6371,0,base
501,66,6,0.3158,0.3651,0.6651,0.7492,0,base
502,63,6,0.3911,0.4118,0.581,0.7461,0,base
503,65,6,0.4228,0.4754,0.5031,0.609,0,base
504,48,6,0.4254,0.4896,0.6293,0.715,0,base
505,105,6,0.513,0.6174,0.5093,0.7461,0,base
506,4,6,0.6381,0.6556,0.5156,0.5654,0,base
507,59,6,0.6297,0.6699,0.5966,0.6667,0,base
508,4,6,0.6407,0.6569,0.6838,0.7305,0,base
509,63,6,0.6952,0.7179,0.4984,0.6464,0,base
510,69,6,0.679,0.7387,0.6651,0.7414,0,base
511,4,6,0.7737,0.7931,0.5093,0.5498,0,base
512,62,6,0.7594,0.8405,0.5748,0.6277,0,base
513,2,6,0.7879,0.8035,0.6526,0.7056,0,validation
514,63,6,0.8586,0.8761,0.4984,0.6682,0,base
515,69,6,0.8307,0.8956,0.6651,0.7461,0,base
516,10,6,0.9157,0.9935,0.5171,0.5607,0,base
517,9,6,0.9319,0.9682,0.5592,0.6277,0,base
518,135,6,0.9358,0.9955,0.6215,0.7399,0,base
519,64,6,0.0071,0.0655,0.785,0.852,0,base
520,11,6,0.0201,0.0486,0.8676,0.9673,0,base
521,106,6,0.0616,0.1239,0.8037,0.866,0,base
522,98,6,0.0538,0.1304,0.8816,0.9953,0,base
523,26,6,0.1576,0.2224,0.7804,0.9034,0,base
524,93,6,0.1706,0.2043,0.9143,0.9766,0,validation
525,67,6,0.238,0.2899,0.7819,0.8738,0,base
526,64,6,0.2198,0.2977,0.9283,0.9953,0,base
527,11,6,0.3243,0.3599,0.7679,0.8583,0,base
528,67,6,0.3132,0.3638,0.8583,0.9455,0,base
529,31,6,0.417,0.4481,0.7835,0.8209,0,base
530,98,6,0.3158,0.3891,0.9143,0.9969,0,base
531,70,6,0.4202,0.4507,0.8255,0.919,0,base
532,58,6,0.4222,0.4624,0.9346,0.9829,0,base
533,2,6,0.4741,0.5013,0.7679,0.866,0,validation
534,31,6,0.4747,0.5013,0.9019,0.9486,0,base
535,143,6,0.5182,0.561,0.7586,0.9953,0,base
536,11,6,0.5856,0.6167,0.7586,0.8458,0,base
537,183,6,0.5726,0.6414,0.8333,0.9019,0,base
538,98,6,0.5681,0.6479,0.9112,0.9953,0,base
539,31,6,0.6751,0.7036,0.7648,0.8084,0,base
540,57,6,0.6751,0.7568,0.8022,0.8801,0,base
541,86,6,0.7257,0.7776,0.8302,0.9953,0,base
542,2,6,0.7931,0.8243,0.7586,0.8489,0,validation
543,31,6,0.7912,0.8217,0.8598,0.905,0,base
544,93,6,0.7905,0.8243,0.9237,0.9891,0,validation
545,11,6,0.8534,0.8872,0.7601,0.8583,0,base
546,130,6,0.8301,0.9073,0.9019,0.9953,0,base
547,98,6,0.8956,0.9721,0.771,0.8832,0,base
548,87,7,0.0386,0.085,0.0411,0.1096,0,base
549,143,7,0.0484,0.0876,0.0883,0.2527,0,base
550,137,7,0.1078,0.1477,0.0244,0.1126,0,base
551,91,7,0.1033,0.1588,0.1522,0.2222,0,base
552,37,7,0.1608,0.2307,0.0457,0.0944,0,base
553,97,7,0.1706,0.2203,0.1248,0.2222,0,base
554,92,7,0.2399,0.2895,0.0487,0.2451,0,base
555,95,7,0.3013,0.3353,0.0244,0.0883,0,base
556,37,7,0.2974,0.3647,0.1035,0.1507,0,base
557,129,7,0.3026,0.3641,0.1674,0.2161,0,base
558,25,7,0.3876,0.4556,0.0167,0.1674,0,base
559,2,7,0.4124,0.4431,0.1796,0.2496,0,validation
560,37,7,0.4908,0.568,0.0396,0.0791,0,base
561,25,7,0.517,0.5837,0.0822,0.2481,0,base
562,6,7,0.5843,0.6778,0.0274,0.0761,0,base
563,95,7,0.6124,0.6471,0.0822,0.1431,0,base
564,37,7,0.5967,0.6693,0.1583,0.1918,0,base
565,129,7,0.6033,0.666,0.1918,0.2405,0,base
566,61,7,0.7013,0.7458,0.0213,0.1705,0,base
567,2,7,0.7131,0.7431,0.1735,0.2496,0,validation
568,93,7,0.7699,0.8059,0.0228,0.0913,0,validation
569,37,7,0.7562,0.8281,0.1005,0.1446,0,base
570,97,7,0.7654,0.817,0.1522,0.2405,0,base
571,6,7,0.8268,0.9163,0.0213,0.07,0,base
572,95,7,0.8464,0.8817,0.0791,0.1553,0,base
573,37,7,0.8281,0.902,0.1766,0.2283,0,base
574,109,7,0.9157,0.9686,0.0578,0.1644,0,base
575,128,7,0.0359,0.119,0.277,0.3257,0,base
576,125,7,0.0438,0.0693,0.3501,0.5023,0,base
577,28,7,0.0843,0.1621,0.2664,0.4779,0,base
578,48,7,0.181,0.232,0.2527,0.3196,0,base
579,16,7,0.1719,0.2386,0.3105,0.5038,0,base
580,31,7,0.249,0.281,0.2648,0.3075,0,base
581,7,7,0.2542,0.2863,0.3135,0.4901,0,base
582,14,7,0.3105,0.4124,0.3014,0.4079,0,base
583,14,7,0.4359,0.5314,0.2998,0.4292,0,base
584,133,7,0.4569,0.5549,0.4231,0.4962,0,base
585,14,7,0.5745,0.6595,0.2588,0.3699,0,base
586,32,7,0.5863,0.6359,0.3714,0.481,0,base
587,42,7,0.6647,0.7301,0.2831,0.344,0,base
588,52,7,0.6673,0.7301,0.3683,0.4536,0,base
589,44,7,0.7562,0.8268,0.274,0.3288,0,validation
590,32,7,0.7562,0.8124,0.3379,0.4247,0,base
591,133,7,0.8307,0.8745,0.2588,0.4368,0,base
592,126,7,0.751,0.8634,0.4353,0.4962,0,base
593,200,7,0.8843,0.9392,0.2603,0.3151,0,base
594,32,7,0.8869,0.9314,0.3151,0.3957,0,base
595,42,7,0.8843,0.9444,0.4125,0.4673,0,base
596,52,7,0.9601,0.9993,0.3044,0.382,0,base
597,66,7,0.0294,0.0817,0.5266,0.621,0,base
598,69,7,0.0974,0.1575,0.5205,0.5936,0,base
599,89,7,0.0268,0.0797,0.6362,0.7184,0,base
600,89,7,0.098,0.1523,0.5997,0.6667,0,base
601,133,7,0.0954,0.1824,0.6788,0.7382,0,base
602,151,7,0.2033,0.2569,0.551,0.7428,0,base
603,89,7,0.2732,0.3144,0.5114,0.6012,0,base
604,87,7,0.2752,0.317,0.6058,0.7428,0,base
605,52,7,0.3353,0.3954,0.5632,0.6484,0,base
606,66,7,0.4176,0.4647,0.5266,0.5936,0,base
607,37,7,0.4124,0.4765,0.618,0.6636,0,base
608,38,7,0.4229,0.466,0.6788,0.7412,0,base
609,2,7,0.498,0.5294,0.5145,0.6058,0,validation
610,69,7,0.4935,0.5549,0.6012,0.6758,0,base
611,68,7,0.5137,0.5444,0.6545,0.723,0,base
612,65,7,0.5693,0.6183,0.5038,0.6134,0,base
613,48,7,0.5758,0.632,0.6271,0.7093,0,base
614,14,7,0.649,0.734,0.5282,0.618,0,base
615,37,7,0.6516,0.7248,0.6256,0.6621,0,base
616,38,7,0.6673,0.7092,0.6849,0.7412,0,base
617,14,7,0.7327,0.8268,0.5084,0.6134,0,base
618,68,7,0.7673,0.7993,0.6134,0.6819,0,base
619,65,7,0.832,0.8771,0.5053,0.6088,0,base
620,48,7,0.8327,0.8876,0.6362,0.7093,0,base
621,44,7,0.9124,0.9882,0.5221,0.583,0,validation
622,37,7,0.9157,0.9837,0.5967,0.6423,0,base
623,38,7,0.9235,0.9693,0.6758,0.7352,0,base
624,77,7,0.0503,0.0961,0.761,0.9361,0,base
625,126,7,0.032,0.1503,0.9482,1.0015,0,base
626,65,7,0.1379,0.1915,0.7565,0.8721,0,base
627,48,7,0.1601,0.2216,0.8874,0.9559,0,base
628,2,7,0.2529,0.2843,0.7686,0.8737,0,validation
629,90,7,0.2497,0.3451,0.8341,0.9954,0,base
630,158,7,0.3536,0.4144,0.7519,0.9117,0,validation
631,48,7,0.3595,0.4137,0.9163,0.9954,0,base
632,2,7,0.4503,0.4856,0.7702,0.8676,0,validation
633,62,7,0.4353,0.5144,0.8919,0.9482,0,base
634,158,7,0.5203,0.5843,0.7549,0.898,0,validation
635,48,7,0.5268,0.585,0.9163,0.9863,0,base
636,105,7,0.6124,0.7118,0.7671,0.9954,0,base
637,118,7,0.7327,0.7569,0.7732,0.8737,0,base
638,21,7,0.7222,0.798,0.9041,0.9954,0,base
639,50,7,0.8039,0.851,0.7519,0.8752,0,base
640,50,7,0.8111,0.8503,0.8889,0.997,0,base
641,86,7,0.8739,0.9275,0.7641,0.9924,0,base
642,28,7,0.9471,1,0.7534,0.9482,0,base
643,63,8,0.0238,0.0476,0.0062,0.1618,0,base
644,133,8,0.0071,0.0907,0.1664,0.245,0,base
645,73,8,0.1139,0.195,0.0046,0.1048,0,base
646,2,8,0.13,0.1641,0.1263,0.2342,0,validation
647,50,8,0.204,0.2465,0.0046,0.1202,0,base
648,50,8,0.2091,0.2503,0.1325,0.2558,0,base
649,86,8,0.2664,0.3378,0.0308,0.2558,0,base
650,28,8,0.361,0.4408,0.0185,0.2096,0,base
651,63,8,0.4601,0.4794,0.0108,0.1757,0,base
652,29,8,0.4569,0.4903,0.1818,0.2496,0,validation
653,87,8,0.5129,0.5598,0.0231,0.1017,0,base
654,148,8,0.518,0.5502,0.1156,0.1757,0,base
655,122,8,0.5154,0.5347,0.1818,0.2373,0,base
656,122,8,0.5444,0.565,0.1772,0.2311,0,base
657,73,8,0.5914,0.6725,0.0755,0.1602,0,base
658,28,8,0.6499,0.7246,0.0216,0.2311,0,base
659,63,8,0.7432,0.7632,0.0154,0.188,0,base
660,48,8,0.778,0.8353,0.0401,0.1217,0,base
661,5,8,0.8552,0.8835,0.0401,0.2558,0,base
662,5,8,0.8912,0.9196,0.0555,0.2558,0,base
663,28,8,0.9099,0.9685,0.0339,0.2373,0,base
664,63,8,0.0084,0.029,0.3066,0.51,0,base
665,29,8,0.065,0.0985,0.282,0.3621,0,validation
666,40,8,0.0676,0.1152,0.3683,0.4977,0,base
667,11,8,0.1422,0.1757,0.2897,0.3945,0,base
668,2,8,0.1403,0.1737,0.4037,0.4992,0,validation
669,52,8,0.2149,0.2761,0.2804,0.3606,0,base
670,11,8,0.2921,0.3263,0.2758,0.379,0,base
671,2,8,0.2844,0.3198,0.396,0.4977,0,validation
672,106,8,0.3533,0.4163,0.2804,0.3297,0,base
673,119,8,0.3687,0.3996,0.3359,0.4961,0,base
674,109,8,0.4356,0.4871,0.2804,0.379,0,base
675,11,8,0.4485,0.4807,0.3852,0.49,0,base
676,2,8,0.4923,0.5264,0.3636,0.4715,0,validation
677,73,8,0.5541,0.6519,0.2743,0.3482,0,base
678,10,8,0.5618,0.6441,0.3544,0.3975,0,base
679,67,8,0.5708,0.6313,0.4006,0.4838,0,base
680,11,8,0.6699,0.7072,0.2696,0.3744,0,base
681,2,8,0.6699,0.7008,0.3975,0.4931,0,validation
682,72,8,0.7432,0.8423,0.2866,0.3297,0,base
683,142,8,0.742,0.8546,0.3112,0.4407,0,base
684,11,8,0.7535,0.7831,0.4299,0.4977,0,base
685,2,8,0.8205,0.8501,0.4037,0.4931,0,validation
686,157,8,0.8668,0.9569,0.2696,0.4977,0,base
687,17,8,0.0084,0.0804,0.5223,0.6687,0,base
688,11,8,0.0959,0.1268,0.5285,0.621,0,base
689,2,8,0.0946,0.1287,0.6394,0.7488,0,validation
690,17,8,0.1525,0.2516,0.5146,0.6564,0,base
691,17,8,0.1525,0.2503,0.6595,0.7488,0,base
692,11,8,0.2735,0.3044,0.5146,0.6102,0,base
693,2,8,0.2716,0.3044,0.6317,0.7365,0,validation
694,15,8,0.3224,0.3874,0.5146,0.6379,0,validation
695,26,8,0.325,0.3996,0.6379,0.7488,0,base
696,11,8,0.4157,0.4485,0.527,0.6271,0,base
697,2,8,0.4176,0.4472,0.6441,0.7365,0,validation
698,17,8,0.4498,0.5341,0.5146,0.6379,0,base
699,14,8,0.4562,0.545,0.6456,0.7488,0,base
700,11,8,0.5656,0.5991,0.5208,0.6256,0,base
701,2,8,0.5644,0.5978,0.6441,0.7427,0,validation
702,131,8,0.6293,0.796,0.5085,0.7488,0,base
703,11,8,0.8063,0.8378,0.5177,0.6194,0,base
704,2,8,0.8012,0.832,0.6441,0.7365,0,validation
705,72,8,0.8655,0.971,0.5331,0.5901,0,base
706,6,8,0.8591,0.9633,0.6071,0.6564,0,base
707,11,8,0.8925,0.9247,0.6579,0.7488,0,base
708,2,8,0.9434,0.9768,0.6379,0.7427,0,validation
709,66,8,0.0084,0.065,0.7689,0.8536,0,base
710,13,8,0.0174,0.0586,0.829,0.9954,0,base
711,11,8,0.0894,0.1216,0.7643,0.8659,0,base
712,2,8,0.0856,0.1178,0.886,0.9846,0,validation
713,141,8,0.1499,0.195,0.7673,0.8721,0,base
714,100,8,0.2169,0.2619,0.3744,0.4777,0,base
715,14,8,0.1403,0.2407,0.8968,0.9954,0,base
716,11,8,0.2477,0.2793,0.7735,0.8844,0,base
717,2,8,0.2529,0.2889,0.8983,0.9985,0,validation
718,2,8,0.3211,0.3546,0.7735,0.8783,0,validation
719,90,8,0.3282,0.4254,0.7935,0.9846,0,base
720,158,8,0.4279,0.4949,0.7581,0.9168,0,validation
721,48,8,0.4331,0.4878,0.923,0.9954,0,base
722,2,8,0.518,0.5541,0.7735,0.8737,0,validation
723,62,8,0.5103,0.601,0.9183,0.9676,0,base
724,158,8,0.5965,0.6647,0.7596,0.9153,0,validation
725,48,8,0.6133,0.6705,0.9214,0.9954,0,base
726,90,8,0.6879,0.7857,0.7596,0.8798,0,base
727,138,8,0.7194,0.7625,0.8721,0.9337,0,base
728,11,8,0.7986,0.8301,0.7612,0.8475,0,base
729,90,8,0.7741,0.8764,0.8012,0.9322,0,base
730,44,8,0.8057,0.8777,0.9291,0.9923,0,validation
731,62,8,0.8945,0.9813,0.792,0.8428,0,base
732,138,8,0.9035,0.9485,0.8552,0.923,0,base
733,11,8,0.9144,0.9505,0.9337,0.9923,0,base
734,53,8,0.8713,0.9376,0.4345,0.4961,0,base
735,125,9,0.0118,0.0367,0.0061,0.1452,0,base
736,6,9,0,0.0825,0.1573,0.2027,0,base
737,13,9,0.0851,0.129,0.0197,0.2481,0,base
738,95,9,0.1467,0.1866,0.0015,0.0635,0,base
739,30,9,0.1343,0.2109,0.0439,0.2421,0,validation
740,91,9,0.2397,0.2908,0.003,0.062,0,base
741,4,9,0.2521,0.2698,0.0817,0.121,0,base
742,64,9,0.2331,0.3091,0.1664,0.2421,0,base
743,93,9,0.3202,0.3563,0.0121,0.0756,0,validation
744,2,9,0.3274,0.3432,0.0847,0.1271,0,validation
745,94,9,0.3471,0.372,0.0575,0.2421,0,base
746,37,9,0.3824,0.4565,0.0091,0.0545,0,base
747,86,9,0.4008,0.4637,0.0575,0.2481,0,base
748,157,9,0.4754,0.5639,0.0091,0.2451,0,base
749,9,9,0.5455,0.5842,0.0257,0.1452,0,base
750,29,9,0.5972,0.6365,0.0242,0.1044,0,validation
751,2,9,0.6025,0.6339,0.1331,0.2421,0,validation
752,2,9,0.6706,0.702,0.0121,0.121,0,validation
753,11,9,0.6771,0.7105,0.1452,0.239,0,base
754,90,9,0.7099,0.8101,0,0.1649,0,base
755,158,9,0.7518,0.8225,0.0711,0.236,0,validation
756,48,9,0.8251,0.8828,0.0212,0.1059,0,base
757,2,9,0.9129,0.9535,0.0182,0.115,0,validation
758,11,9,0.9181,0.9522,0.1331,0.236,0,base
759,62,9,0.0007,0.0812,0.2723,0.3268,0,base
760,158,9,0.0079,0.0707,0.3298,0.4796,0,validation
761,48,9,0.093,0.1526,0.2738,0.357,0,base
762,14,9,0.1676,0.2626,0.2874,0.3994,0,base
763,71,9,0.1834,0.2384,0.4145,0.4871,0,base
764,13,9,0.2574,0.2986,0.2799,0.4841,0,base
765,85,9,0.3248,0.3621,0.2602,0.3177,0,base
766,30,9,0.3065,0.3772,0.2859,0.4902,0,validation
767,91,9,0.4126,0.4643,0.2784,0.3328,0,base
768,4,9,0.4244,0.4414,0.348,0.3933,0,base
769,64,9,0.4041,0.4853,0.4312,0.4902,0,base
770,93,9,0.4951,0.5285,0.2738,0.3464,0,validation
771,4,9,0.5003,0.5187,0.3691,0.4206,0,base
772,94,9,0.5396,0.5606,0.2723,0.4902,0,base
773,37,9,0.5737,0.6503,0.2693,0.3147,0,base
774,86,9,0.5894,0.6575,0.3147,0.4902,0,base
775,18,9,0.6863,0.7623,0.2799,0.4297,0,base
776,70,9,0.7531,0.7963,0.3707,0.4811,0,base
777,60,9,0.8055,0.8671,0.2784,0.4902,0,base
778,29,9,0.8671,0.905,0.292,0.3707,0,validation
779,2,9,0.8749,0.909,0.3933,0.4902,0,validation
780,2,9,0.9352,0.9679,0.2753,0.3752,0,validation
781,2,9,0.9325,0.9666,0.3873,0.4781,0,validation
782,90,9,0.0013,0.0917,0.4917,0.6172,0,base
783,158,9,0.0314,0.0891,0.5567,0.708,0,validation
784,48,9,0.0995,0.1572,0.5386,0.6172,0,base
785,2,9,0.1821,0.2155,0.5083,0.6188,0,validation
786,2,9,0.1814,0.2135,0.6293,0.7231,0,validation
787,62,9,0.2279,0.3143,0.5144,0.5658,0,base
788,158,9,0.241,0.3071,0.5658,0.7201,0,validation
789,48,9,0.3235,0.3851,0.5174,0.6021,0,base
790,105,9,0.4113,0.5141,0.5068,0.7322,0,base
791,235,9,0.5239,0.5737,0.5098,0.7322,0,base
792,137,9,0.5868,0.6365,0.5159,0.6082,0,base
793,91,9,0.5894,0.6444,0.6354,0.702,0,base
794,37,9,0.6555,0.7308,0.5204,0.5688,0,base
795,97,9,0.6634,0.7204,0.593,0.7035,0,base
796,92,9,0.7603,0.8173,0.5204,0.7352,0,base
797,95,9,0.8251,0.8579,0.5038,0.5688,0,base
798,37,9,0.8173,0.8913,0.5749,0.6248,0,base
799,129,9,0.8238,0.888,0.6354,0.702,0,base
800,25,9,0.907,0.9777,0.4992,0.6415,0,base
801,2,9,0.9142,0.943,0.6475,0.7383,0,validation
802,37,9,0.0007,0.0681,0.7579,0.8048,0,base
803,97,9,0.0013,0.0498,0.8169,0.9047,0,base
804,6,9,0.0007,0.0792,0.9168,0.9592,0,base
805,95,9,0.0943,0.131,0.7458,0.8139,0,base
806,37,9,0.076,0.1559,0.8306,0.8744,0,base
807,129,9,0.0891,0.1552,0.8835,0.9334,0,base
808,61,9,0.1912,0.2423,0.7564,0.8956,0,base
809,2,9,0.2004,0.2397,0.8941,0.9803,0,validation
810,93,9,0.2633,0.2993,0.7595,0.8169,0,validation
811,37,9,0.2554,0.3248,0.829,0.8729,0,base
812,97,9,0.2574,0.3071,0.8835,0.9713,0,base
813,6,9,0.3261,0.4217,0.7595,0.8048,0,base
814,95,9,0.3563,0.389,0.8169,0.8775,0,base
815,37,9,0.3307,0.4073,0.8956,0.944,0,base
816,109,9,0.4244,0.4689,0.8109,0.9047,0,base
817,10,9,0.4885,0.5815,0.7716,0.8169,0,base
818,9,9,0.4912,0.5318,0.8169,0.9032,0,base
819,135,9,0.5344,0.5999,0.82,0.9818,0,base
820,64,9,0.6031,0.6745,0.7625,0.8411,0,base
821,11,9,0.6221,0.6575,0.8593,0.9682,0,base
822,135,9,0.6791,0.7439,0.7504,0.9743,0,base
823,98,9,0.7099,0.7793,0.8502,0.9561,0,base
824,26,9,0.8042,0.8762,0.7564,0.8729,0,base
825,93,9,0.8173,0.8566,0.8835,0.9501,0,validation
826,67,9,0.8775,0.9378,0.7655,0.8563,0,base
827,64,9,0.8723,0.9489,0.9017,0.9803,0,base
828,11,10,0.0608,0.0964,0.036,0.1276,0,base
829,67,10,0.0447,0.1042,0.1246,0.2087,0,base
830,98,10,0.055,0.132,0.1847,0.2658,0,base
831,31,10,0.1599,0.1922,0.042,0.0886,0,base
832,70,10,0.1618,0.1948,0.0976,0.1967,0,base
833,58,10,0.2149,0.2595,0.0465,0.1096,0,base
834,2,10,0.2181,0.2544,0.1441,0.2523,0,validation
835,31,10,0.2725,0.301,0.03,0.0721,0,base
836,143,10,0.2634,0.3087,0.0856,0.2688,0,base
837,11,10,0.3282,0.3631,0.0285,0.1096,0,base
838,130,10,0.312,0.3916,0.1637,0.2658,0,base
839,98,10,0.3942,0.4693,0.0375,0.1381,0,base
840,31,10,0.4926,0.5243,0.0405,0.0886,0,base
841,98,10,0.4854,0.5657,0.0781,0.1787,0,base
842,57,10,0.4926,0.5709,0.1817,0.2508,0,base
843,2,10,0.5812,0.6149,0.0345,0.1201,0,validation
844,31,10,0.5825,0.6097,0.1306,0.1817,0,base
845,93,10,0.5838,0.6194,0.1907,0.2477,0,validation
846,11,10,0.6466,0.6816,0.0255,0.1366,0,base
847,130,10,0.6252,0.7074,0.1652,0.2688,0,base
848,98,10,0.7074,0.7903,0.042,0.1366,0,base
849,66,10,0.8175,0.8667,0.0195,0.1081,0,base
850,37,10,0.8071,0.8706,0.1336,0.1787,0,base
851,38,10,0.811,0.8563,0.2147,0.2718,0,base
852,69,10,0.8816,0.9359,0.03,0.1126,0,base
853,11,10,0.8964,0.9288,0.1246,0.2387,0,base
854,77,10,0.943,0.9825,0.018,0.1486,0,base
855,98,10,0.9327,0.9981,0.1787,0.2523,0,base
856,14,10,0.0265,0.1172,0.2988,0.3844,0,base
857,37,10,0.0298,0.1055,0.4024,0.4429,0,base
858,14,10,0.1197,0.2091,0.2928,0.3919,0,base
859,11,10,0.1521,0.1851,0.3964,0.5,0,base
860,68,10,0.222,0.255,0.2763,0.3423,0,base
861,98,10,0.1987,0.2738,0.3739,0.482,0,base
862,38,10,0.0479,0.0951,0.4565,0.512,0,base
863,44,10,0.2964,0.3676,0.3108,0.3619,0,validation
864,37,10,0.2913,0.3605,0.3799,0.4219,0,base
865,38,10,0.3036,0.3528,0.455,0.509,0,base
866,11,10,0.4136,0.4434,0.2928,0.3889,0,base
867,126,10,0.3631,0.4731,0.4444,0.512,0,base
868,68,10,0.4628,0.5003,0.2808,0.3589,0,base
869,98,10,0.4621,0.532,0.3724,0.4625,0,base
870,105,10,0.5573,0.655,0.2868,0.509,0,base
871,138,10,0.6725,0.7139,0.3048,0.3619,0,base
872,3,10,0.6667,0.7184,0.3769,0.4339,0,base
873,98,10,0.6686,0.7463,0.4219,0.5105,0,base
874,110,10,0.754,0.8071,0.2988,0.3829,0,base
875,164,10,0.7566,0.8175,0.4069,0.497,0,base
876,153,10,0.8524,0.899,0.2868,0.5105,0,base
877,28,10,0.8977,0.9735,0.2913,0.503,0,base
878,63,10,0.0453,0.0693,0.521,0.6772,0,base
879,133,10,0.0343,0.1178,0.6712,0.7312,0,base
880,29,10,0.1405,0.1799,0.539,0.6246,0,validation
881,40,10,0.1417,0.1825,0.6441,0.7402,0,base
882,11,10,0.2104,0.2447,0.533,0.6351,0,base
883,2,10,0.2084,0.2427,0.6532,0.7402,0,validation
884,52,10,0.2854,0.3463,0.539,0.6051,0,base
885,100,10,0.2854,0.3379,0.6186,0.7267,0,base
886,11,10,0.3631,0.3994,0.533,0.6351,0,base
887,2,10,0.3579,0.3968,0.6562,0.7387,0,base
888,13,10,0.4278,0.4641,0.527,0.7387,0,base
889,119,10,0.4848,0.5081,0.527,0.6622,0,base
890,11,10,0.4835,0.5184,0.6652,0.7432,0,base
891,2,10,0.5346,0.565,0.533,0.6291,0,validation
892,13,10,0.5676,0.6168,0.5315,0.7462,0,base
893,125,10,0.6278,0.6531,0.527,0.6667,0,base
894,11,10,0.6434,0.6738,0.6592,0.7447,0,base
895,2,10,0.6867,0.723,0.533,0.6231,0,validation
896,98,10,0.677,0.7515,0.6231,0.7402,0,base
897,29,10,0.778,0.8201,0.5465,0.6291,0,validation
898,2,10,0.7812,0.8194,0.6471,0.7372,0,validation
899,62,10,0.8278,0.9126,0.545,0.5991,0,base
900,22,10,0.8395,0.8887,0.6111,0.7132,0,base
901,40,10,0.9405,0.9896,0.5405,0.6532,0,base
902,2,10,0.9417,0.9793,0.6592,0.7432,0,validation
903,62,10,0.0304,0.1172,0.8033,0.8453,0,base
904,22,10,0.0485,0.0926,0.8574,0.9505,0,base
905,73,10,0.1353,0.2233,0.7673,0.8423,0,base
906,149,10,0.1534,0.1961,0.8453,0.9955,0,base
907,14,10,0.2233,0.3061,0.7643,0.8874,0,base
908,141,10,0.2337,0.2777,0.8964,0.9985,0,base
909,160,10,0.3437,0.4175,0.7748,0.8589,0,base
910,2,10,0.3476,0.3864,0.8814,0.985,0,validation
911,11,10,0.433,0.4667,0.7673,0.8649,0,base
912,34,10,0.4181,0.4615,0.8949,0.967,0,base
913,7,10,0.4809,0.5113,0.7793,0.985,0,base
914,34,10,0.5469,0.5935,0.7883,0.8634,0,base
915,2,10,0.5495,0.5858,0.8874,0.991,0,validation
916,11,10,0.6194,0.6505,0.7733,0.8754,0,base
917,62,10,0.5987,0.6803,0.8949,0.9505,0,base
918,22,10,0.6686,0.7133,0.7643,0.8634,0,base
919,178,10,0.7398,0.7832,0.7673,0.8514,0,base
920,6,10,0.7269,0.8291,0.8544,0.9054,0,base
921,15,10,0.835,0.8964,0.7673,0.8934,0,validation
922,57,10,0.8278,0.9146,0.8934,0.9655,0,base
923,30,10,0.9197,0.9819,0.7553,0.9685,0,validation
924,144,11,0.0007,0.0634,0.0401,0.2527,0,base
925,2,11,0.0686,0.1033,0.0247,0.1356,0,validation
926,11,11,0.0765,0.1131,0.1479,0.2388,0,base
927,57,11,0.1275,0.2098,0.0062,0.0832,0,base
928,7,11,0.1497,0.1824,0.0955,0.2558,0,base
929,57,11,0.2438,0.3327,0.0169,0.0986,0,base
930,2,11,0.2569,0.2922,0.1202,0.2311,0,validation
931,34,11,0.3327,0.3778,0.0524,0.1171,0,base
932,62,11,0.3144,0.398,0.1633,0.2142,0,base
933,158,11,0.4033,0.4712,0.0401,0.2018,0,validation
934,5,11,0.4902,0.5209,0.0108,0.2465,0,base
935,5,11,0.534,0.5601,0.0339,0.2435,0,base
936,28,11,0.5588,0.6294,0.0154,0.2126,0,base
937,63,11,0.6386,0.6621,0.0401,0.2435,0,base
938,17,11,0.681,0.7627,0.0031,0.245,0,base
939,17,11,0.7536,0.8399,0.0277,0.2435,0,base
940,11,11,0.8503,0.8869,0.0031,0.1079,0,base
941,2,11,0.8451,0.8778,0.1325,0.2388,0,validation
942,26,11,0.9052,0.9758,0.0031,0.1233,0,base
943,15,11,0.9131,0.9706,0.1202,0.2435,0,validation
944,11,11,-0.0007,0.0301,0.2773,0.379,0,base
945,2,11,0.0033,0.032,0.4052,0.4961,0,validation
946,17,11,0.0582,0.1451,0.2712,0.3914,0,base
947,14,11,0.0614,0.1621,0.3929,0.4992,0,base
948,11,11,0.1732,0.2085,0.2743,0.376,0,base
949,2,11,0.1732,0.2137,0.3914,0.4992,0,validation
950,21,11,0.2516,0.3065,0.2681,0.3744,0,base
951,27,11,0.2425,0.3118,0.3821,0.4977,0,base
952,11,11,0.3353,0.3719,0.2681,0.379,0,base
953,2,11,0.3405,0.3745,0.3821,0.5023,0,validation
954,72,11,0.4072,0.5092,0.2866,0.339,0,base
955,142,11,0.4137,0.5235,0.3344,0.4807,0,base
956,11,11,0.5399,0.5712,0.2681,0.3729,0,base
957,2,11,0.5399,0.5745,0.3852,0.4869,0,validation
958,157,11,0.6059,0.6856,0.2666,0.4931,0,base
959,17,11,0.6778,0.7575,0.2619,0.379,0,base
960,11,11,0.7144,0.749,0.3914,0.4931,0,base
961,2,11,0.7667,0.7993,0.3236,0.4361,0,validation
962,106,11,0.819,0.883,0.2804,0.3297,0,base
963,88,11,0.8268,0.8791,0.3421,0.4361,0,base
964,109,11,0.9,0.9471,0.2681,0.3621,0,base
965,11,11,0.9105,0.9418,0.379,0.4838,0,base
966,2,11,0.9471,0.981,0.3575,0.473,0,validation
967,73,11,-0.0007,0.0869,0.5208,0.5948,0,base
968,10,11,0.0013,0.0778,0.5978,0.6441,0,base
969,67,11,0.0144,0.066,0.6502,0.7381,0,base
970,11,11,0.1052,0.1392,0.5208,0.6194,0,base
971,2,11,0.1026,0.1379,0.6287,0.7427,0,validation
972,131,11,0.168,0.3144,0.5162,0.755,0,base
973,11,11,0.3301,0.3641,0.5223,0.6225,0,base
974,2,11,0.3229,0.3595,0.6441,0.7396,0,validation
975,66,11,0.3967,0.4425,0.5208,0.604,0,base
976,13,11,0.398,0.4373,0.5763,0.7488,0,base
977,11,11,0.4693,0.5026,0.5177,0.6194,0,base
978,2,11,0.4647,0.5013,0.6456,0.7396,0,validation
979,141,11,0.5366,0.5817,0.5146,0.6133,0,base
980,14,11,0.5222,0.615,0.6333,0.7396,0,base
981,11,11,0.6307,0.6627,0.5085,0.6133,0,base
982,2,11,0.6261,0.6582,0.6379,0.7319,0,validation
983,29,11,0.7013,0.7386,0.5208,0.6071,0,validation
984,2,11,0.7026,0.7379,0.6256,0.7334,0,validation
985,14,11,0.7464,0.8399,0.5208,0.6071,0,base
986,62,11,0.7516,0.8425,0.6271,0.6703,0,base
987,44,11,0.7693,0.8399,0.681,0.7304,0,validation
988,40,11,0.8686,0.9131,0.5146,0.6317,0,base
989,40,11,0.9255,0.9725,0.5085,0.6086,0,base
990,2,11,0.8765,0.9078,0.6394,0.7381,0,validation
991,62,11,0.9163,0.9915,0.621,0.6626,0,base
992,44,11,0.919,0.9902,0.678,0.7334,0,validation
993,72,11,0,0.0902,0.7858,0.8259,0,base
994,55,11,0.0059,0.0641,0.8351,0.8921,0,base
995,39,11,0.0163,0.0595,0.8937,0.9522,0,validation
996,3,11,0.0111,0.0608,0.9646,0.9954,0,base
997,111,11,0.1033,0.2516,0.7612,0.9985,0,base
998,113,11,0.2575,0.3105,0.775,0.9214,0,validation
999,62,11,0.2333,0.3255,0.9307,0.9831,0,base
1000,76,11,0.3431,0.3667,0.7612,0.9276,0,base
1001,178,11,0.3353,0.3765,0.9276,0.9923,0,base
1002,11,11,0.4163,0.4536,0.7643,0.8721,0,base
1003,31,11,0.4111,0.4425,0.8906,0.9553,0,base
1004,41,11,0.4745,0.5118,0.7565,0.8351,0,base
1005,31,11,0.4791,0.5078,0.8413,0.8844,0,base
1006,46,11,0.4712,0.5379,0.8968,0.9892,0,base
1007,59,11,0.5575,0.6059,0.7689,0.8475,0,base
1008,33,11,0.5634,0.6098,0.8783,0.9969,0,base
1009,28,11,0.6281,0.6974,0.7488,0.9153,0,base
1010,5,11,0.6516,0.6758,0.906,0.9923,0,base
1011,141,11,0.7078,0.7843,0.755,0.8351,0,base
1012,113,11,0.7196,0.7719,0.8475,0.9908,0,validation
1013,62,11,0.7908,0.8647,0.7673,0.8166,0,base
1014,76,11,0.8046,0.834,0.8259,0.9954,0,base
1015,146,11,0.8686,0.9098,0.775,0.8475,0,base
1016,11,11,0.8817,0.9137,0.8505,0.9615,0,base
1017,39,11,0.9209,0.9732,0.7797,0.8505,0,validation
1018,2,11,0.9183,0.9588,0.8737,0.9815,0,validation
1019,53,11,0.6124,0.666,0.4268,0.4961,0,base
1020,9,12,0.0625,0.0924,0.0031,0.0492,0,base
1021,109,12,0.0475,0.0924,0.0246,0.106,0,base
1022,101,12,0.0638,0.1335,0.0476,0.2442,0,base
1023,103,12,0.1354,0.2409,0.0015,0.2197,0,base
1024,9,12,0.2617,0.2982,0.0046,0.0538,0,base
1025,109,12,0.2507,0.3027,0.0307,0.1214,0,base
1026,102,12,0.2669,0.3665,0.0476,0.2458,0,base
1027,104,12,0.3411,0.526,0,0.2504,0,base
1028,39,12,0.4876,0.5339,0.1398,0.2227,0,validation
1029,59,12,0.543,0.5951,0.0123,0.0968,0,base
1030,33,12,0.5534,0.599,0.1275,0.2458,0,base
1031,105,12,0.6198,0.724,0.0061,0.2535,0,base
1032,11,12,0.7422,0.776,0.0046,0.1152,0,base
1033,31,12,0.7376,0.7708,0.1398,0.1951,0,base
1034,41,12,0.7865,0.8281,0.0169,0.0922,0,base
1035,31,12,0.7949,0.8236,0.1029,0.1429,0,base
1036,46,12,0.7819,0.8568,0.149,0.2458,0,base
1037,59,12,0.86,0.9095,0.0108,0.1029,0,base
1038,33,12,0.8672,0.9095,0.1336,0.2412,0,base
1039,105,12,0.9303,0.998,0.0138,0.2473,0,base
1040,14,12,0.0195,0.1133,0.2873,0.3794,0,base
1041,31,12,0.0417,0.0781,0.404,0.4531,0,base
1042,99,12,0.1198,0.1615,0.2535,0.3441,0,base
1043,52,12,0.1172,0.1784,0.3502,0.4286,0,base
1044,31,12,0.1224,0.1589,0.4363,0.49,0,base
1045,100,12,0.1901,0.2383,0.2565,0.3564,0,base
1046,46,12,0.1816,0.2585,0.3641,0.4685,0,base
1047,59,12,0.2786,0.3229,0.278,0.3518,0,base
1048,33,12,0.2793,0.3236,0.3717,0.4869,0,base
1049,105,12,0.3503,0.4479,0.2688,0.4992,0,base
1050,109,12,0.4583,0.5104,0.2826,0.3871,0,base
1051,9,12,0.4609,0.5065,0.3917,0.4977,0,base
1052,101,12,0.5645,0.6283,0.2611,0.4531,0,base
1053,13,12,0.5234,0.5612,0.2642,0.5023,0,base
1054,109,12,0.6374,0.694,0.2903,0.404,0,base
1055,9,12,0.6393,0.6868,0.4086,0.5008,0,base
1056,13,12,0.7031,0.7357,0.2811,0.5023,0,base
1057,103,12,0.7337,0.8177,0.2673,0.4209,0,base
1058,13,12,0.8216,0.8646,0.2627,0.5084,0,base
1059,102,12,0.862,0.9688,0.2627,0.4839,0,base
1060,109,12,0.0352,0.0846,0.533,0.6252,0,base
1061,9,12,0.0339,0.0781,0.6313,0.7419,0,base
1062,104,12,0.0716,0.2142,0.5084,0.7358,0,base
1063,13,12,0.2194,0.2682,0.5084,0.7419,0,base
1064,13,12,0.2819,0.3216,0.5207,0.7419,0,base
1065,110,12,0.3405,0.3867,0.6682,0.7404,0,base
1066,153,12,0.4017,0.4414,0.5177,0.7481,0,base
1067,110,12,0.4583,0.5078,0.6037,0.6928,0,base
1068,11,12,0.5208,0.5573,0.5115,0.6098,0,base
1069,86,12,0.5273,0.5814,0.5914,0.7481,0,base
1070,153,12,0.6237,0.6901,0.5146,0.7542,0,base
1071,28,12,0.6654,0.7402,0.5223,0.7266,0,base
1072,63,12,0.7682,0.7871,0.5146,0.6575,0,base
1073,48,12,0.7552,0.819,0.6651,0.745,0,base
1074,72,12,0.834,0.8698,0.5453,0.7496,0,base
1075,55,12,0.8783,0.9408,0.53,0.5883,0,base
1076,165,12,0.8828,0.9753,0.5714,0.6559,0,base
1077,71,12,0.9167,0.9727,0.6928,0.7481,0,base
1078,111,12,0.0208,0.1589,0.7512,0.9724,0,base
1079,146,12,0.125,0.1693,0.8418,0.914,0,base
1080,106,12,0.112,0.1719,0.9339,0.9846,0,base
1081,117,12,0.1953,0.2357,0.7819,0.828,0,base
1082,46,12,0.1823,0.2552,0.8402,0.9386,0,base
1083,11,12,0.2695,0.2995,0.768,0.871,0,base
1084,31,12,0.2643,0.2917,0.8986,0.9401,0,base
1085,41,12,0.3158,0.3548,0.7634,0.8341,0,base
1086,31,12,0.319,0.3503,0.8464,0.8848,0,base
1087,46,12,0.3125,0.3763,0.9017,0.9892,0,base
1088,59,12,0.4017,0.4453,0.7788,0.8541,0,base
1089,33,12,0.4095,0.4473,0.8725,0.9785,0,base
1090,28,12,0.4609,0.5221,0.7619,0.9447,0,base
1091,106,12,0.4805,0.5469,0.9293,0.9785,0,base
1092,117,12,0.5651,0.6068,0.7849,0.8187,0,base
1093,46,12,0.5599,0.6257,0.8218,0.9263,0,base
1094,11,12,0.5885,0.6198,0.914,0.9939,0,base
1095,31,12,0.638,0.6693,0.7988,0.8479,0,base
1096,2,12,0.6387,0.6732,0.874,0.9785,0,validation
1097,108,12,0.7083,0.7708,0.7773,0.914,0,base
1098,107,12,0.7188,0.7591,0.9293,0.9754,0,base
1099,101,12,0.7786,0.8464,0.7604,0.9892,0,base
1100,103,12,0.8594,0.9427,0.7634,0.9601,0,base
1101,108,12,0.9466,0.9967,0.7727,0.8986,0,base
1102,107,12,0.9531,0.9928,0.914,0.957,0,base
1103,140,13,0,0.1094,0.0031,0.225,0,base
1104,104,13,0.0898,0.2539,0.0031,0.2327,0,base
1105,142,13,0.2578,0.3665,0.0031,0.1202,0,base
1106,59,13,0.2799,0.3255,0.1171,0.188,0,base
1107,33,13,0.2799,0.3255,0.188,0.2435,0,base
1108,105,13,0.3841,0.4772,0.0216,0.2435,0,base
1109,14,13,0.4753,0.5716,0.0216,0.1202,0,base
1110,31,13,0.4974,0.5326,0.151,0.2126,0,base
1111,99,13,0.5716,0.612,0.0185,0.1079,0,base
1112,31,13,0.5742,0.6042,0.1217,0.1633,0,base
1113,52,13,0.569,0.6302,0.1695,0.2435,0,base
1114,31,13,0.6387,0.6693,0.0308,0.074,0,base
1115,100,13,0.6354,0.6855,0.077,0.1695,0,base
1116,31,13,0.6413,0.6745,0.1834,0.228,0,base
1117,46,13,0.6986,0.7637,0.0154,0.1109,0,base
1118,59,13,0.7083,0.7552,0.1217,0.1895,0,base
1119,33,13,0.7135,0.7552,0.1941,0.2527,0,base
1120,105,13,0.7839,0.8763,0.0293,0.2558,0,base
1121,108,13,0.8887,0.9557,0.0293,0.1757,0,base
1122,107,13,0.8997,0.946,0.1911,0.2435,0,base
1123,13,13,0.013,0.0449,0.2635,0.4792,0,base
1124,101,13,0.0482,0.1107,0.245,0.4715,0,base
1125,103,13,0.1094,0.2142,0.2558,0.473,0,base
1126,140,13,0.2142,0.3164,0.2512,0.4653,0,base
1127,104,13,0.3047,0.4336,0.2573,0.4977,0,base
1128,13,13,0.4661,0.5182,0.2573,0.4992,0,base
1129,13,13,0.5397,0.5703,0.2619,0.5023,0,base
1130,91,13,0.5859,0.6263,0.3359,0.3975,0,base
1131,110,13,0.5924,0.6361,0.2619,0.3297,0,base
1132,93,13,0.599,0.6328,0.4068,0.4684,0,validation
1133,11,13,0.6543,0.6875,0.2619,0.3606,0,base
1134,86,13,0.6719,0.7272,0.3174,0.5085,0,base
1135,28,13,0.763,0.8496,0.2804,0.4746,0,base
1136,153,13,0.8568,0.9193,0.265,0.51,0,base
1137,63,13,0.9323,0.9583,0.2758,0.4299,0,base
1138,11,13,0.9427,0.9714,0.4299,0.5116,0,base
1139,48,13,0.0169,0.0729,0.5085,0.5794,0,base
1140,98,13,0.0143,0.0807,0.6071,0.7011,0,base
1141,14,13,0.099,0.1823,0.5208,0.6225,0,base
1142,11,13,0.1283,0.1589,0.6379,0.7365,0,base
1143,40,13,0.1901,0.2344,0.5085,0.621,0,base
1144,2,13,0.194,0.2279,0.6441,0.7365,0,validation
1145,52,13,0.2682,0.3229,0.5177,0.5978,0,base
1146,100,13,0.2689,0.3132,0.6133,0.7119,0,base
1147,11,13,0.3424,0.373,0.5208,0.6133,0,base
1148,2,13,0.3359,0.3724,0.6317,0.7381,0,validation
1149,39,13,0.4141,0.4564,0.5393,0.6133,0,validation
1150,176,13,0.4219,0.4583,0.6626,0.6995,0,base
1151,111,13,0.4609,0.6152,0.5039,0.7304,0,base
1152,37,13,0.5651,0.6302,0.6133,0.6703,0,base
1153,106,13,0.569,0.6302,0.6826,0.7304,0,base
1154,76,13,0.6602,0.681,0.5146,0.6564,0,base
1155,178,13,0.6458,0.6882,0.6656,0.7427,0,base
1156,11,13,0.7064,0.7409,0.5331,0.6317,0,base
1157,39,13,0.7031,0.7428,0.6564,0.7304,0,validation
1158,41,13,0.7617,0.8001,0.5331,0.5963,0,base
1159,46,13,0.7617,0.8307,0.5948,0.6995,0,base
1160,33,13,0.776,0.819,0.6918,0.755,0,base
1161,10,13,0.849,0.9297,0.5393,0.584,0,base
1162,221,13,0.8711,0.8932,0.5886,0.6225,0,base
1163,101,13,0.9108,0.9733,0.53,0.7612,0,base
1164,103,13,0,0.0833,0.7612,0.9538,0,base
1165,140,13,0.0885,0.2057,0.7442,0.9831,0,base
1166,104,13,0.1934,0.3568,0.755,0.9954,0,base
1167,31,13,0.3574,0.3887,0.7704,0.8228,0,base
1168,74,13,0.362,0.3854,0.8428,0.9954,0,base
1169,33,13,0.4063,0.4401,0.812,0.9153,0,base
1170,105,13,0.4661,0.556,0.7812,0.9954,0,base
1171,11,13,0.5742,0.6042,0.7797,0.8675,0,base
1172,31,13,0.5736,0.5996,0.8844,0.9337,0,base
1173,2,13,0.6068,0.6367,0.8998,0.9954,0,validation
1174,14,13,0.6602,0.7448,0.7858,0.869,0,base
1175,31,13,0.6784,0.709,0.886,0.9337,0,base
1176,99,13,0.7448,0.7845,0.7704,0.8567,0,base
1177,31,13,0.7422,0.7734,0.8737,0.9091,0,base
1178,52,13,0.7318,0.7917,0.9214,0.9892,0,base
1179,31,13,0.8047,0.8359,0.792,0.829,0,base
1180,100,13,0.8021,0.8477,0.8552,0.9522,0,base
1181,46,13,0.8724,0.9427,0.7858,0.8752,0,base
1182,59,13,0.8802,0.9245,0.8968,0.9646,0,base
1183,33,13,0.9329,0.9714,0.9029,0.9954,0,base
1184,105,14,0.027,0.1269,0.0323,0.2535,0,base
1185,13,14,0.1374,0.169,0.0369,0.2504,0,base
1186,101,14,0.1742,0.2334,0.0169,0.2197,0,base
1187,13,14,0.2485,0.2847,0.0246,0.2504,0,base
1188,103,14,0.2886,0.3702,0.0077,0.1889,0,base
1189,10,14,0.3169,0.3925,0.1859,0.2289,0,base
1190,221,14,0.3485,0.3695,0.2258,0.2504,0,base
1191,140,14,0.3741,0.4898,0.0108,0.2442,0,base
1192,104,14,0.474,0.6351,0.0046,0.2381,0,base
1193,91,14,0.6423,0.6903,0.0184,0.0783,0,base
1194,110,14,0.645,0.6884,0.0845,0.1598,0,base
1195,93,14,0.6489,0.687,0.1767,0.232,0,validation
1196,11,14,0.7107,0.7423,0.0046,0.0937,0,base
1197,86,14,0.7114,0.7686,0.0661,0.2366,0,base
1198,153,14,0.8001,0.8665,0,0.232,0,base
1199,28,14,0.8422,0.9158,0.0154,0.232,0,base
1200,63,14,0.9343,0.9566,0.0015,0.1398,0,base
1201,11,14,0.9369,0.9645,0.1475,0.232,0,base
1202,48,14,0.9684,0.998,0.0077,0.0845,0,base
1203,14,14,0.0033,0.0848,0.2873,0.381,0,base
1204,40,14,0.0204,0.0651,0.3917,0.4962,0,base
1205,11,14,0.1032,0.1321,0.2765,0.3794,0,base
1206,2,14,0.0927,0.1335,0.3948,0.4962,0,validation
1207,52,14,0.1532,0.2084,0.275,0.3548,0,base
1208,100,14,0.1532,0.1979,0.3671,0.4485,0,base
1209,11,14,0.2229,0.2544,0.275,0.3671,0,base
1210,2,14,0.2163,0.2531,0.3917,0.49,0,validation
1211,72,14,0.2873,0.3642,0.2888,0.3364,0,base
1212,81,14,0.2926,0.3432,0.3548,0.4869,0,base
1213,111,14,0.3478,0.4977,0.2565,0.4839,0,base
1214,198,14,0.4385,0.4997,0.341,0.4962,0,base
1215,106,14,0.503,0.5641,0.2811,0.3425,0,base
1216,55,14,0.5082,0.5661,0.3886,0.447,0,base
1217,11,14,0.5871,0.62,0.2688,0.3625,0,base
1218,31,14,0.5766,0.6141,0.4071,0.4593,0,base
1219,31,14,0.6371,0.6634,0.3733,0.4286,0,base
1220,41,14,0.6318,0.6686,0.2719,0.3425,0,base
1221,46,14,0.6877,0.7535,0.2504,0.3425,0,base
1222,59,14,0.6949,0.7383,0.3518,0.4178,0,base
1223,33,14,0.7002,0.7403,0.4224,0.49,0,base
1224,99,14,0.7778,0.8166,0.2458,0.3241,0,base
1225,101,14,0.8008,0.86,0.278,0.49,0,base
1226,103,14,0.8672,0.9513,0.2412,0.4117,0,base
1227,140,14,0.9356,0.9987,0.2627,0.4777,0,base
1228,104,14,0.0033,0.1637,0.5146,0.7481,0,base
1229,31,14,0.1519,0.1808,0.5392,0.5822,0,base
1230,74,14,0.1677,0.19,0.5883,0.7542,0,base
1231,33,14,0.2032,0.2426,0.533,0.6575,0,base
1232,105,14,0.2676,0.3662,0.5253,0.7496,0,base
1233,11,14,0.3899,0.4175,0.5207,0.6006,0,base
1234,31,14,0.3846,0.4168,0.616,0.6513,0,base
1235,2,14,0.3872,0.4234,0.6682,0.7481,0,validation
1236,14,14,0.4412,0.524,0.5284,0.6144,0,base
1237,99,14,0.4609,0.5016,0.6221,0.6928,0,base
1238,31,14,0.4688,0.4977,0.7051,0.745,0,base
1239,31,14,0.5273,0.5556,0.5361,0.5822,0,base
1240,33,14,0.5247,0.5608,0.6267,0.7358,0,base
1241,52,14,0.5792,0.6371,0.5146,0.5899,0,base
1242,31,14,0.5871,0.6187,0.5945,0.6375,0,base
1243,100,14,0.5832,0.622,0.6467,0.7327,0,base
1244,31,14,0.645,0.6752,0.5392,0.5899,0,base
1245,33,14,0.641,0.6831,0.6221,0.7419,0,base
1246,105,14,0.7028,0.7936,0.4977,0.7358,0,base
1247,99,14,0.8054,0.8475,0.5084,0.5945,0,base
1248,101,14,0.8343,0.8876,0.5038,0.7358,0,base
1249,103,14,0.8961,0.9842,0.5146,0.6959,0,base
1250,99,14,0.0434,0.0822,0.7788,0.8602,0,base
1251,140,14,0.0618,0.1755,0.7696,0.9954,0,base
1252,104,14,0.1532,0.3189,0.7588,0.9969,0,base
1253,91,14,0.3202,0.3688,0.7849,0.8402,0,base
1254,110,14,0.3215,0.3662,0.8433,0.9201,0,base
1255,93,14,0.3307,0.3649,0.9263,0.977,0,validation
1256,11,14,0.3872,0.4188,0.7696,0.8541,0,base
1257,86,14,0.3978,0.4504,0.8218,1,0,base
1258,153,14,0.4845,0.5516,0.7634,0.9969,0,base
1259,153,14,0.5556,0.6187,0.765,0.9954,0,base
1260,28,14,0.5989,0.6732,0.7604,0.9616,0,base
1261,63,14,0.6963,0.7147,0.7604,0.8955,0,base
1262,11,14,0.693,0.7245,0.914,0.9969,0,base
1263,48,14,0.737,0.7922,0.7788,0.8587,0,base
1264,98,14,0.7324,0.808,0.8817,0.9693,0,base
1265,14,14,0.8245,0.9158,0.7788,0.8664,0,base
1266,11,14,0.8554,0.8922,0.8833,0.9877,0,base
1267,2,14,0.9237,0.9632,0.7542,0.8402,0,validation
1268,40,14,0.9086,0.9579,0.8618,0.9693,0,base
1269,11,14,0.9763,0.9974,0.7665,0.8587,0,base
1270,2,14,0.9691,0.998,0.8771,0.9816,0,validation
1271,52,15,0.0067,0.0645,0.0109,0.0748,0,base
1272,100,15,0.0106,0.0559,0.0919,0.1869,0,base
1273,11,15,0.0825,0.1124,0,0.0888,0,base
1274,2,15,0.0725,0.1065,0.1199,0.2165,0,validation
1275,227,15,0.1391,0.2322,0.0062,0.204,0,base
1276,111,15,0.2289,0.3673,0.0016,0.229,0,base
1277,30,15,0.3147,0.3786,0.0732,0.2414,0,validation
1278,106,15,0.3839,0.4484,0.0327,0.0794,0,base
1279,117,15,0.3992,0.4478,0.0919,0.1355,0,base
1280,46,15,0.3939,0.4684,0.148,0.2368,0,base
1281,11,15,0.4884,0.5176,0.014,0.0981,0,base
1282,31,15,0.479,0.511,0.1293,0.1729,0,base
1283,31,15,0.5416,0.5722,0.0919,0.1355,0,base
1284,41,15,0.5376,0.5755,0.0171,0.0794,0,base
1285,46,15,0.5323,0.6021,0.1433,0.2414,0,base
1286,59,15,0.6208,0.6653,0.0171,0.0888,0,base
1287,33,15,0.6281,0.6733,0.1246,0.2352,0,base
1288,10,15,0.6893,0.7798,0.0078,0.0794,0,base
1289,101,15,0.7046,0.7638,0.0732,0.2445,0,base
1290,103,15,0.7804,0.8789,0.0171,0.1885,0,base
1291,140,15,0.8762,0.9987,0.0047,0.2383,0,base
1292,104,15,0,0.1198,0.2477,0.4844,0,base
1293,31,15,0.1251,0.1544,0.2726,0.3287,0,base
1294,74,15,0.1251,0.1524,0.3349,0.4907,0,base
1295,33,15,0.1597,0.2029,0.3505,0.4564,0,base
1296,105,15,0.2222,0.324,0.2601,0.4969,0,base
1297,11,15,0.3446,0.3726,0.2601,0.3551,0,base
1298,31,15,0.3353,0.3673,0.3723,0.4159,0,base
1299,2,15,0.3407,0.3739,0.4159,0.4938,0,validation
1300,14,15,0.3952,0.4764,0.2757,0.3738,0,base
1301,31,15,0.4125,0.4471,0.4034,0.4533,0,base
1302,31,15,0.483,0.515,0.405,0.4533,0,base
1303,40,15,0.4797,0.5256,0.2726,0.3801,0,base
1304,52,15,0.5482,0.6041,0.2679,0.3411,0,base
1305,31,15,0.5576,0.5868,0.3411,0.3723,0,base
1306,100,15,0.5509,0.5975,0.3847,0.4798,0,base
1307,31,15,0.6188,0.6507,0.2741,0.3162,0,base
1308,46,15,0.6121,0.6786,0.3287,0.4299,0,base
1309,59,15,0.6973,0.7438,0.2819,0.3567,0,base
1310,33,15,0.7033,0.7465,0.3847,0.486,0,base
1311,105,15,0.7731,0.8676,0.2601,0.4969,0,base
1312,10,15,0.8676,0.9102,0.2664,0.4938,0,base
1313,101,15,0.9128,0.98,0.2539,0.4984,0,base
1314,103,15,0.0013,0.1011,0.5031,0.6963,0,base
1315,140,15,0.1018,0.2156,0.4953,0.7352,0,base
1316,104,15,0.2129,0.3726,0.5031,0.7523,0,base
1317,91,15,0.3726,0.4245,0.5249,0.5981,0,base
1318,110,15,0.3766,0.4258,0.5997,0.6807,0,base
1319,93,15,0.3859,0.4178,0.6838,0.743,0,validation
1320,11,15,0.4418,0.4711,0.5093,0.5966,0,base
1321,86,15,0.4511,0.503,0.5654,0.7523,0,base
1322,153,15,0.5462,0.6068,0.5171,0.7523,0,base
1323,153,15,0.6068,0.6707,0.5093,0.7523,0,base
1324,28,15,0.6434,0.7232,0.5312,0.7461,0,base
1325,63,15,0.7432,0.7638,0.5156,0.6651,0,base
1326,11,15,0.7452,0.7798,0.6713,0.7461,0,base
1327,48,15,0.7878,0.8436,0.5249,0.6028,0,base
1328,98,15,0.7824,0.8669,0.6059,0.7212,0,base
1329,14,15,0.8842,0.9607,0.5343,0.6184,0,base
1330,11,15,0.9155,0.9488,0.6402,0.743,0,base
1331,2,15,0.9634,0.994,0.5592,0.6433,0,validation
1332,40,15,0.0067,0.0532,0.7726,0.8863,0,base
1333,11,15,0.0213,0.0512,0.8847,0.986,0,base
1334,2,15,0.0625,0.0985,0.7928,0.8863,0,validation
1335,52,15,0.0672,0.1198,0.8972,0.9704,0,base
1336,11,15,0.1337,0.1677,0.785,0.8832,0,base
1337,2,15,0.1284,0.1677,0.8956,0.9922,0,validation
1338,100,15,0.189,0.2315,0.7741,0.8707,0,base
1339,11,15,0.1943,0.2302,0.8832,0.9891,0,base
1340,2,15,0.2455,0.2821,0.8053,0.905,0,validation
1341,66,15,0.3154,0.3726,0.7773,0.8769,0,base
1342,13,15,0.3247,0.3619,0.8411,0.9938,0,base
1343,11,15,0.3912,0.4232,0.7773,0.8676,0,base
1344,2,15,0.3832,0.4178,0.8956,0.9891,0,validation
1345,141,15,0.4604,0.5003,0.7773,0.8769,0,base
1346,14,15,0.4551,0.5389,0.8925,0.9969,0,base
1347,11,15,0.5509,0.5835,0.7741,0.8769,0,base
1348,2,15,0.5489,0.5835,0.8956,0.9953,0,validation
1349,131,15,0.6148,0.7558,0.771,1.0016,0,base
1350,11,15,0.7718,0.8064,0.7835,0.891,0,base
1351,2,15,0.7718,0.8037,0.9081,0.9969,0,validation
1352,72,15,0.837,0.8623,0.7741,0.9953,0,base
1353,142,15,0.8809,0.982,0.7679,0.8723,0,base
1354,11,15,0.8916,0.9208,0.8847,0.9844,0,base
1355,2,15,0.9235,0.9561,0.8769,0.9766,0,validation
1356,157,16,0.0395,0.1136,0.0198,0.2527,0,base
1357,17,16,0.1136,0.194,0.0167,0.1583,0,base
1358,11,16,0.15,0.177,0.1613,0.2466,0,base
1359,2,16,0.2015,0.2323,0.0396,0.1446,0,validation
1360,106,16,0.2567,0.317,0.0335,0.0898,0,base
1361,88,16,0.2655,0.3101,0.0944,0.1857,0,base
1362,109,16,0.3283,0.3723,0.0213,0.1218,0,base
1363,11,16,0.3346,0.3647,0.1309,0.2435,0,base
1364,2,16,0.3704,0.3992,0.1126,0.21,0,validation
1365,73,16,0.425,0.5078,0.0244,0.0959,0,base
1366,10,16,0.4225,0.5035,0.0944,0.1492,0,base
1367,67,16,0.4382,0.4922,0.137,0.2253,0,base
1368,11,16,0.521,0.5505,0.0152,0.1126,0,base
1369,2,16,0.5191,0.548,0.1248,0.2192,0,validation
1370,26,16,0.5763,0.6409,0.0244,0.1279,0,base
1371,15,16,0.5844,0.6409,0.137,0.2466,0,validation
1372,11,16,0.6667,0.6968,0.0213,0.1157,0,base
1373,2,16,0.6585,0.6911,0.1324,0.2344,0,validation
1374,17,16,0.7163,0.7941,0.0091,0.2435,0,base
1375,17,16,0.7928,0.8694,0.0396,0.2466,0,base
1376,11,16,0.8845,0.9127,0.0152,0.1187,0,base
1377,2,16,0.8751,0.9077,0.1431,0.2405,0,validation
1378,17,16,0.9222,0.9874,0.0091,0.1522,0,base
1379,14,16,0.9222,0.9975,0.1431,0.2527,0,base
1380,11,16,0.0483,0.076,0.2679,0.3638,0,base
1381,2,16,0.0496,0.076,0.382,0.481,0,validation
1382,105,16,0.1011,0.1902,0.2831,0.4932,0,base
1383,29,16,0.2028,0.2417,0.2831,0.3623,0,validation
1384,2,16,0.2065,0.2392,0.3805,0.4718,0,validation
1385,29,16,0.2567,0.2894,0.2861,0.3592,0,validation
1386,34,16,0.2542,0.2919,0.3866,0.4536,0,base
1387,74,16,0.3032,0.3302,0.2801,0.4932,0,base
1388,99,16,0.3572,0.3974,0.2801,0.3623,0,base
1389,2,16,0.3603,0.393,0.3805,0.4734,0,validation
1390,99,16,0.4099,0.4476,0.2664,0.3501,0,base
1391,34,16,0.4099,0.4482,0.3775,0.4475,0,base
1392,74,16,0.4601,0.4852,0.277,0.4916,0,base
1393,52,16,0.5166,0.5744,0.2709,0.347,0,base
1394,2,16,0.5204,0.553,0.3699,0.4688,0,validation
1395,52,16,0.5882,0.6447,0.2801,0.3562,0,base
1396,34,16,0.5895,0.6296,0.3805,0.4505,0,base
1397,74,16,0.6485,0.6761,0.2831,0.4886,0,base
1398,100,16,0.7062,0.7495,0.2679,0.3683,0,base
1399,2,16,0.7068,0.7395,0.3881,0.484,0,validation
1400,100,16,0.769,0.8123,0.2679,0.3592,0,base
1401,34,16,0.7665,0.8073,0.3927,0.4658,0,base
1402,74,16,0.8274,0.8512,0.2725,0.4932,0,base
1403,114,16,0.8751,0.9071,0.2785,0.3623,0,base
1404,2,16,0.8707,0.9008,0.3836,0.4855,0,validation
1405,34,16,0.9247,0.9648,0.2831,0.3394,0,base
1406,74,16,0.9372,0.9573,0.344,0.4992,0,base
1407,120,16,0.0383,0.0615,0.5327,0.7458,0,base
1408,2,16,0.0835,0.1124,0.5266,0.618,0,validation
1409,34,16,0.0772,0.1186,0.6514,0.7215,0,base
1410,74,16,0.1337,0.1563,0.5266,0.7458,0,base
1411,29,16,0.1877,0.2222,0.5266,0.5936,0,validation
1412,62,16,0.1839,0.2542,0.6301,0.6697,0,base
1413,99,16,0.1971,0.2316,0.6758,0.7397,0,base
1414,62,16,0.2517,0.3245,0.5327,0.5875,0,base
1415,74,16,0.2781,0.2957,0.589,0.7428,0,base
1416,150,16,0.3446,0.3647,0.5175,0.6195,0,base
1417,127,16,0.3302,0.3723,0.6499,0.7215,0,base
1418,175,16,0.4055,0.4426,0.5449,0.6119,0,base
1419,63,16,0.4149,0.4325,0.6134,0.7458,0,base
1420,144,16,0.4432,0.5254,0.551,0.7458,0,base
1421,63,16,0.538,0.5556,0.516,0.6697,0,base
1422,11,16,0.5461,0.5731,0.6545,0.7458,0,base
1423,113,16,0.5888,0.6359,0.5205,0.6438,0,validation
1424,29,16,0.5932,0.6265,0.6606,0.7336,0,validation
1425,145,16,0.6711,0.7169,0.5205,0.6058,0,base
1426,63,16,0.6824,0.7037,0.6088,0.7428,0,base
1427,148,16,0.7338,0.7721,0.5145,0.5814,0,base
1428,63,16,0.742,0.7627,0.5845,0.7458,0,base
1429,11,16,0.7891,0.8223,0.5114,0.5967,0,base
1430,113,16,0.7841,0.8242,0.6149,0.7458,0,validation
1431,29,16,0.8267,0.8619,0.5388,0.624,0,validation
1432,158,16,0.8945,0.9579,0.5084,0.6849,0,validation
1433,13,16,0.0559,0.0923,0.7656,0.997,0,base
1434,120,16,0.1023,0.1274,0.8311,0.997,0,base
1435,125,16,0.1438,0.1689,0.7793,0.9528,0,base
1436,112,16,0.1764,0.2116,0.8554,0.9954,0,base
1437,8,16,0.2291,0.3107,0.7763,0.9315,0,base
1438,9,16,0.3051,0.3371,0.7702,0.8311,0,base
1439,13,16,0.3402,0.3823,0.7884,0.9985,0,base
1440,174,16,0.3986,0.4363,0.7884,0.8691,0,base
1441,17,16,0.3848,0.4601,0.8828,0.9954,0,base
1442,11,16,0.4802,0.5129,0.7717,0.8676,0,base
1443,56,16,0.4702,0.5242,0.8904,0.9954,0,base
1444,63,16,0.538,0.5618,0.8006,0.9954,0,base
1445,158,16,0.5882,0.6585,0.7534,0.9422,0,validation
1446,63,16,0.6723,0.6962,0.8021,0.9954,0,base
1447,29,16,0.7112,0.7464,0.7656,0.8432,0,validation
1448,117,16,0.715,0.7514,0.8737,0.9254,0,base
1449,11,16,0.774,0.8067,0.7763,0.8737,0,base
1450,56,16,0.7627,0.8205,0.8691,0.9954,0,base
1451,112,16,0.8368,0.8732,0.8402,0.9954,0,base
1452,181,16,0.8883,0.9222,0.7702,0.9985,0,base
1453,73,16,0.9203,0.995,0.7641,0.8371,0,base
1454,99,16,0.9322,0.9711,0.8524,0.9361,0,base
1455,117,16,0.9297,0.9749,0.9406,0.9924,0,base
1456,53,16,0.0446,0.0942,0.1796,0.2527,0,base
1457,11,17,0.0338,0.0658,0.014,0.1137,0,base
1458,56,17,0.0204,0.0741,0.1417,0.2726,0,base
1459,112,17,0.0862,0.122,0.1231,0.2695,0,base
1460,11,17,0.159,0.1884,0.0078,0.0981,0,base
1461,29,17,0.1501,0.1858,0.1231,0.204,0,validation
1462,11,17,0.1986,0.228,0.0202,0.1168,0,base
1463,11,17,0.2548,0.2867,0.0078,0.1106,0,base
1464,11,17,0.3174,0.3499,0.0109,0.1075,0,base
1465,40,17,0.1941,0.2331,0.1355,0.2477,0,base
1466,52,17,0.2478,0.3033,0.1417,0.2181,0,base
1467,100,17,0.3148,0.357,0.1231,0.2118,0,base
1468,112,17,0.3723,0.408,0.0997,0.2664,0,base
1469,54,17,0.4272,0.5747,-0.0016,0.2632,0,base
1470,154,17,0.5843,0.6411,0.0047,0.1729,0,base
1471,83,17,0.5741,0.6252,0.148,0.2617,0,base
1472,95,17,0.6462,0.675,0.0234,0.0919,0,base
1473,4,17,0.6462,0.6648,0.1184,0.1729,0,base
1474,143,17,0.6737,0.7235,0.0234,0.2664,0,base
1475,253,17,0.7593,0.8269,0.0109,0.2025,0,base
1476,71,17,0.8397,0.8934,0.0062,0.0888,0,base
1477,29,17,0.8423,0.8806,0.0935,0.1729,0,validation
1478,159,17,0.8474,0.8883,0.1854,0.2539,0,base
1479,26,17,0.901,0.9444,0.0249,0.1246,0,base
1480,114,17,0.9112,0.9432,0.1386,0.2134,0,base
1481,115,17,0.03,0.0785,0.2975,0.391,0,base
1482,136,17,0.0313,0.0734,0.3988,0.4657,0,base
1483,2,17,0.0939,0.1245,0.2882,0.3692,0,validation
1484,121,17,0.099,0.1194,0.3785,0.4159,0,base
1485,117,17,0.0862,0.1245,0.4346,0.4798,0,base
1486,39,17,0.136,0.1814,0.2913,0.3754,0,validation
1487,31,17,0.196,0.228,0.3006,0.3411,0,base
1488,149,17,0.1986,0.228,0.3536,0.4221,0,base
1489,121,17,0.1986,0.2197,0.4439,0.5031,0,base
1490,116,17,0.2503,0.2778,0.2913,0.3847,0,base
1491,147,17,0.2344,0.2957,0.3941,0.5093,0,base
1492,115,17,0.3142,0.3519,0.3006,0.3972,0,base
1493,136,17,0.3116,0.3506,0.4065,0.4657,0,base
1494,2,17,0.3729,0.3966,0.2975,0.3785,0,validation
1495,150,17,0.3736,0.3966,0.4034,0.5093,0,base
1496,14,17,0.3985,0.4847,0.2928,0.3988,0,base
1497,71,17,0.4234,0.4796,0.4315,0.5109,0,base
1498,155,17,0.484,0.5562,0.285,0.4673,0,base
1499,167,17,0.5747,0.6277,0.3037,0.3692,0,base
1500,90,17,0.5715,0.6699,0.3302,0.5031,0,base
1501,113,17,0.6788,0.7235,0.2913,0.4424,0,validation
1502,123,17,0.7375,0.7835,0.2882,0.4034,0,base
1503,118,17,0.7452,0.7708,0.4034,0.5031,0,base
1504,147,17,0.8014,0.864,0.285,0.3723,0,base
1505,4,17,0.8755,0.8883,0.2928,0.3411,0,base
1506,56,17,0.804,0.855,0.3754,0.5047,0,base
1507,114,17,0.8659,0.901,0.366,0.447,0,base
1508,73,17,0.9074,0.9828,0.3287,0.4097,0,base
1509,43,17,0.9189,0.9783,0.4252,0.4969,0,base
1510,74,17,0.0249,0.0479,0.5343,0.7352,0,base
1511,2,17,0.0504,0.0817,0.6464,0.7586,0,validation
1512,29,17,0.1169,0.1526,0.5405,0.6106,0,validation
1513,29,17,0.166,0.2011,0.5498,0.6277,0,validation
1514,2,17,0.122,0.1533,0.6433,0.743,0,validation
1515,34,17,0.1705,0.2088,0.6526,0.7274,0,base
1516,63,17,0.2254,0.2478,0.5592,0.7601,0,base
1517,40,17,0.2778,0.3186,0.5234,0.6495,0,base
1518,2,17,0.2803,0.3135,0.6526,0.7555,0,validation
1519,34,17,0.3321,0.3748,0.5405,0.6153,0,base
1520,63,17,0.3493,0.3678,0.6153,0.7601,0,base
1521,52,17,0.4029,0.4579,0.5405,0.609,0,base
1522,2,17,0.4106,0.4444,0.634,0.7399,0,validation
1523,34,17,0.4617,0.5026,0.5405,0.6106,0,base
1524,63,17,0.477,0.4949,0.6168,0.7539,0,base
1525,100,17,0.5307,0.5715,0.5234,0.609,0,base
1526,2,17,0.5332,0.5645,0.6511,0.7523,0,validation
1527,4,17,0.5868,0.6054,0.5405,0.5794,0,base
1528,63,17,0.6047,0.6232,0.5794,0.7523,0,base
1529,29,17,0.6609,0.6941,0.5343,0.6044,0,validation
1530,40,17,0.6584,0.696,0.6153,0.7352,0,base
1531,2,17,0.7152,0.749,0.5312,0.6215,0,validation
1532,173,17,0.7075,0.8123,0.6417,0.715,0,base
1533,9,17,0.7631,0.8052,0.553,0.6526,0,base
1534,77,17,0.8244,0.8627,0.5218,0.6963,0,base
1535,38,17,0.8123,0.8602,0.7025,0.7586,0,base
1536,29,17,0.871,0.9061,0.5405,0.6231,0,validation
1537,2,17,0.8736,0.9087,0.6371,0.7461,0,validation
1538,11,17,0.9317,0.9623,0.528,0.634,0,base
1539,56,17,0.9202,0.9687,0.6651,0.7555,0,base
1540,63,17,0.0275,0.0511,0.8224,0.9953,0,base
1541,52,17,0.0913,0.1424,0.7913,0.8598,0,base
1542,29,17,0.0888,0.1245,0.8707,0.9424,0,validation
1543,100,17,0.0888,0.1309,0.9408,0.9969,0,base
1544,2,17,0.1475,0.1807,0.7835,0.8847,0,validation
1545,172,17,0.136,0.2267,0.8769,1.0016,0,base
1546,87,17,0.205,0.251,0.7866,0.9283,0,base
1547,124,17,0.2637,0.3135,0.7741,0.8894,0,base
1548,144,17,0.265,0.3161,0.8894,0.9969,0,base
1549,29,17,0.3295,0.3697,0.796,0.8769,0,validation
1550,2,17,0.3404,0.3729,0.891,0.9953,0,validation
1551,11,17,0.3959,0.4272,0.7835,0.8801,0,base
1552,56,17,0.3863,0.4361,0.8956,0.9953,0,base
1553,63,17,0.4502,0.4757,0.8115,0.9953,0,base
1554,54,17,0.4847,0.5524,0.771,0.9953,0,base
1555,247,17,0.7382,0.811,0.1791,0.2617,0,base
1556,54,18,0.0958,0.1849,0.3134,0.6579,0,base
1557,187,18,0.1955,0.2575,0.3565,0.6292,0,validation
1558,94,18,0.2701,0.2953,0.3469,0.5167,0,base
1559,33,18,0.2623,0.3049,0.5239,0.6316,0,base
1560,2,18,0.3204,0.3572,0.3565,0.4617,0,validation
1561,109,18,0.3243,0.3804,0.4665,0.5766,0,base
1562,54,18,0.3863,0.4676,0.3445,0.6388,0,base
1563,139,18,0.4695,0.5402,0.366,0.6292,0,base
1564,71,18,0.547,0.6031,0.3612,0.4593,0,base
1565,44,18,0.547,0.6292,0.4952,0.5742,0,validation
1566,2,18,0.636,0.6709,0.3612,0.4665,0,validation
1567,166,18,0.6399,0.7396,0.4689,0.634,0,base
1568,83,18,0.7328,0.7851,0.3708,0.4976,0,base
1569,109,18,0.7454,0.7986,0.5072,0.6316,0,base
1570,2,18,0.8006,0.8354,0.4474,0.5837,0,validation
1571,54,18,0.8451,0.9864,0.3541,0.6483,0,base
1572,54,19,0.0337,0.1834,0.0015,0.2401,0,base
1573,47,19,0.1934,0.3206,0.0107,0.0765,0,base
1574,187,19,0.189,0.2408,0.0841,0.2401,0,validation
1575,124,19,0.2558,0.3107,0.0703,0.1177,0,base
1576,35,19,0.2658,0.2932,0.1193,0.1544,0,base
1577,73,19,0.2608,0.3531,0.1728,0.2462,0,base
1578,29,19,0.3406,0.3805,0.0092,0.0872,0,validation
1579,187,19,0.3662,0.423,0.0627,0.2523,0,validation
1580,187,19,0.4504,0.509,0.0076,0.2248,0,validation
1581,75,19,0.4429,0.5652,0.2034,0.2661,0,base
1582,210,19,0.5452,0.5908,0.0092,0.0627,0,base
1583,115,19,0.5477,0.5914,0.0688,0.1789,0,base
1584,73,19,0.6076,0.6949,0.0459,0.1239,0,base
1585,29,19,0.6182,0.655,0.1483,0.237,0,validation
1586,187,19,0.6918,0.7523,0.0642,0.2722,0,validation
1587,119,19,0.7854,0.8097,0.0015,0.1453,0,base
1588,121,19,0.7804,0.8097,0.1621,0.2339,0,base
1589,9,19,0.8297,0.8702,0.0015,0.0688,0,base
1590,155,19,0.8147,0.8915,0.055,0.2813,0,base
1591,94,19,0.9108,0.9333,0.0076,0.182,0,base
1592,29,19,0.8896,0.922,0.1881,0.2783,0,validation
1593,187,19,0.9389,0.9944,0.0872,0.289,0,validation
1594,125,19,0.0387,0.0593,0.2584,0.4083,0,base
1595,121,19,0.0374,0.0611,0.4251,0.4862,0,base
1596,13,19,0.0717,0.146,0.2584,0.4969,0,base
1597,117,19,0.1566,0.1984,0.2706,0.3211,0,base
1598,94,19,0.156,0.1797,0.3333,0.5046,0,base
1599,29,19,0.2109,0.2464,0.2645,0.3502,0,validation
1600,187,19,0.2171,0.2707,0.3502,0.5122,0,validation
1601,5,19,0.3169,0.3406,0.2599,0.3379,0,base
1602,144,19,0.3063,0.3506,0.341,0.5153,0,base
1603,129,19,0.3556,0.4186,0.2768,0.3333,0,base
1604,13,19,0.3662,0.408,0.3349,0.5168,0,base
1605,29,19,0.4304,0.4654,0.2859,0.3624,0,validation
1606,187,19,0.4329,0.486,0.3685,0.5214,0,validation
1607,211,19,0.5103,0.6082,0.289,0.5291,0,base
1608,202,19,0.6195,0.6594,0.2829,0.5214,0,base
1609,119,19,0.6999,0.7249,0.289,0.4113,0,base
1610,180,19,0.6525,0.7904,0.4037,0.5398,0,base
1611,8,19,0.7973,0.8503,0.3012,0.4602,0,base
1612,29,19,0.8054,0.8397,0.4618,0.5459,0,validation
1613,187,19,0.8578,0.9095,0.3379,0.5489,0,validation
1614,13,19,0.9276,0.9875,0.3257,0.552,0,base
1615,129,19,0.025,0.0867,0.5153,0.5703,0,base
1616,13,19,0.0387,0.093,0.5581,0.7446,0,base
1617,71,19,0.0661,0.1098,0.6315,0.6804,0,base
1618,29,19,0.1092,0.1466,0.5214,0.6009,0,validation
1619,187,19,0.141,0.1959,0.552,0.7538,0,validation
1620,99,19,0.2358,0.277,0.5275,0.6101,0,base
1621,10,19,0.2333,0.2907,0.5887,0.7492,0,base
1622,125,19,0.3119,0.3344,0.5306,0.6682,0,base
1623,252,19,0.2982,0.3456,0.6804,0.7599,0,base
1624,8,19,0.3631,0.4255,0.5367,0.6881,0,base
1625,29,19,0.3737,0.4067,0.6942,0.7645,0,validation
1626,187,19,0.4354,0.4885,0.5581,0.7661,0,validation
1627,13,19,0.5365,0.5926,0.5367,0.7676,0,base
1628,50,19,0.6014,0.6425,0.6193,0.7722,0,base
1629,110,19,0.6538,0.6987,0.5703,0.656,0,base
1630,107,19,0.6575,0.7012,0.6743,0.7248,0,base
1631,155,19,0.7124,0.748,0.5673,0.7783,0,base
1632,110,19,0.7748,0.8147,0.5642,0.659,0,base
1633,248,19,0.7823,0.8222,0.6865,0.7783,0,base
1634,37,19,0.8403,0.9052,0.5795,0.6315,0,base
1635,91,19,0.8472,0.8921,0.6407,0.7049,0,base
1636,2,19,0.8528,0.8871,0.7125,0.7859,0,validation
1637,55,19,0.9201,0.9794,0.5902,0.6498,0,base
1638,187,19,0.9333,0.9819,0.6514,0.7844,0,validation
1639,6,19,0.0405,0.126,0.7676,0.8287,0,base
1640,16,19,0.0561,0.1229,0.818,0.9954,0,base
1641,211,19,0.1385,0.2333,0.7661,0.9985,0,base
1642,107,19,0.2483,0.2907,0.8517,0.9037,0,base
1643,155,19,0.3032,0.3419,0.7966,0.9985,0,base
1644,211,19,0.3656,0.4435,0.7722,0.9985,0,base
1645,117,19,0.4579,0.5028,0.7798,0.8303,0,base
1646,37,19,0.4529,0.5184,0.8578,0.9159,0,base
1647,91,19,0.4566,0.5016,0.9128,0.974,0,base
1648,2,19,0.5328,0.5627,0.7859,0.8899,0,validation
1649,55,19,0.5228,0.5802,0.922,0.9801,0,base
1650,187,19,0.5951,0.6507,0.7905,0.9893,0,validation
1651,50,19,0.6775,0.7205,0.7859,0.919,0,base
1652,107,19,0.675,0.7124,0.9281,0.974,0,base
1653,155,19,0.7349,0.7773,0.7905,0.9954,0,base
1654,50,19,0.7873,0.8322,0.8272,0.9924,0,base
1655,117,19,0.8428,0.8883,0.8028,0.8486,0,base
1656,37,19,0.8353,0.9008,0.8593,0.9037,0,base
1657,91,19,0.8447,0.8946,0.9067,0.974,0,base
1658,2,19,0.9083,0.9395,0.8089,0.919,0,validation
1659,55,19,0.942,0.9963,0.7997,0.8517,0,base
1660,187,19,0.9426,0.9913,0.8517,0.9924,0,validation
1661,66,20,0.0415,0.0874,0.0518,0.1492,0,base
1662,107,20,0.044,0.0861,0.1796,0.2298,0,base
1663,155,20,0.0985,0.1456,0.0594,0.2709,0,base
1664,66,20,0.158,0.2107,0.0457,0.1339,0,base
1665,117,20,0.1611,0.2057,0.1644,0.2222,0,base
1666,37,20,0.2224,0.2856,0.0472,0.0944,0,base
1667,91,20,0.233,0.272,0.102,0.1613,0,base
1668,2,20,0.2348,0.267,0.1659,0.2664,0,validation
1669,55,20,0.2943,0.3488,0.0365,0.0822,0,base
1670,187,20,0.3024,0.3612,0.0822,0.2648,0,validation
1671,5,20,0.3885,0.4182,0.0244,0.0944,0,base
1672,155,20,0.3823,0.4213,0.0959,0.2664,0,base
1673,45,20,0.4207,0.5025,0.0244,0.2618,0,base
1674,106,20,0.5149,0.5743,0.0396,0.1035,0,base
1675,64,20,0.5037,0.575,0.1613,0.2588,0,base
1676,5,20,0.5967,0.6264,0.0152,0.07,0,base
1677,144,20,0.588,0.632,0.0715,0.2588,0,base
1678,29,20,0.6592,0.6989,0.0274,0.1157,0,validation
1679,159,20,0.6568,0.6983,0.1492,0.2192,0,base
1680,13,20,0.7094,0.7497,0.0122,0.2511,0,base
1681,63,20,0.7701,0.7949,0.0046,0.1689,0,base
1682,49,20,0.7677,0.8048,0.1857,0.2496,0,base
1683,13,20,0.8247,0.8631,0.003,0.2466,0,base
1684,29,20,0.8674,0.9046,0.0122,0.0898,0,validation
1685,37,20,0.873,0.9387,0.1111,0.1629,0,base
1686,91,20,0.8792,0.9294,0.1674,0.2314,0,base
1687,13,20,0.9436,0.969,0.0061,0.242,0,base
1688,29,20,0.0322,0.0688,0.2983,0.3744,0,validation
1689,159,20,0.0372,0.0688,0.3805,0.4292,0,base
1690,2,20,0.0818,0.1208,0.2861,0.3866,0,validation
1691,187,20,0.0886,0.1382,0.382,0.5221,0,validation
1692,13,20,0.1753,0.2336,0.2801,0.5145,0,base
1693,154,20,0.2751,0.324,0.2831,0.4186,0,base
1694,46,20,0.2571,0.3265,0.417,0.5145,0,base
1695,77,20,0.3315,0.3711,0.2846,0.5145,0,base
1696,13,20,0.4071,0.4455,0.274,0.5084,0,base
1697,29,20,0.4789,0.5099,0.2953,0.3805,0,validation
1698,159,20,0.4802,0.5155,0.4049,0.4612,0,base
1699,71,20,0.5297,0.5793,0.2846,0.3638,0,base
1700,63,20,0.5471,0.5651,0.3623,0.5023,0,base
1701,49,20,0.5942,0.6363,0.2801,0.3501,0,base
1702,13,20,0.6537,0.7107,0.2664,0.4932,0,base
1703,29,20,0.7181,0.7565,0.277,0.3577,0,validation
1704,37,20,0.7131,0.7813,0.3744,0.4231,0,base
1705,91,20,0.7268,0.7751,0.4262,0.4871,0,base
1706,13,20,0.7924,0.8259,0.2618,0.4901,0,base
1707,29,20,0.8594,0.8965,0.2785,0.3623,0,validation
1708,159,20,0.8569,0.8965,0.3896,0.4505,0,base
1709,2,20,0.9027,0.9349,0.2588,0.3562,0,validation
1710,187,20,0.9368,0.9895,0.2679,0.484,0,validation
1711,16,20,0.0322,0.1029,0.5342,0.7671,0,base
1712,188,20,0.1115,0.1865,0.5388,0.5997,0,base
1713,206,20,0.114,0.1691,0.6012,0.7641,0,base
1714,5,20,0.2255,0.2522,0.5221,0.6195,0,base
1715,26,20,0.2138,0.2912,0.5982,0.7626,0,base
1716,9,20,0.3166,0.3538,0.5282,0.5936,0,base
1717,155,20,0.311,0.3649,0.583,0.7534,0,base
1718,94,20,0.4021,0.4207,0.5236,0.6743,0,base
1719,29,20,0.3897,0.4232,0.6788,0.7519,0,validation
1720,187,20,0.4405,0.5,0.5342,0.7549,0,validation
1721,80,20,0.5198,0.5843,0.5388,0.6058,0,base
1722,52,20,0.5297,0.5867,0.6088,0.6788,0,base
1723,138,20,0.5322,0.5731,0.6849,0.7458,0,base
1724,61,20,0.6016,0.6462,0.5145,0.6667,0,base
1725,2,20,0.6053,0.6363,0.6606,0.7489,0,validation
1726,61,20,0.6809,0.723,0.5038,0.6591,0,base
1727,2,20,0.6921,0.7243,0.6621,0.7352,0,validation
1728,13,20,0.7429,0.7831,0.5053,0.7367,0,base
1729,144,20,0.7906,0.8371,0.5814,0.7397,0,base
1730,94,20,0.847,0.8705,0.4962,0.6697,0,base
1731,29,20,0.8643,0.899,0.6423,0.7169,0,validation
1732,187,20,0.9139,0.9709,0.5099,0.7336,0,validation
1733,155,20,0.0217,0.0886,0.8006,1.0015,0,base
1734,2,20,0.0985,0.1314,0.7945,0.8889,0,validation
1735,70,20,0.096,0.1258,0.9011,0.997,0,base
1736,250,20,0.153,0.1933,0.7823,0.9954,0,base
1737,98,20,0.2051,0.2875,0.7823,0.8858,0,base
1738,2,20,0.2181,0.2528,0.8919,0.9985,0,validation
1739,187,20,0.2968,0.3513,0.7763,0.997,0,validation
1740,19,20,0.3686,0.4579,0.7671,0.9954,0,base
1741,176,20,0.4975,0.5347,0.7884,0.8311,0,base
1742,188,20,0.4777,0.57,0.8615,0.9224,0,base
1743,2,20,0.4009,0.4263,0.9224,0.9954,0,validation
1744,75,20,0.4628,0.5867,0.9604,0.9985,0,base
1745,29,20,0.575,0.6152,0.7641,0.8432,0,validation
1746,187,20,0.6227,0.6834,0.7641,0.997,0,validation
1747,237,20,0.7119,0.7392,0.758,0.8798,0,base
1748,199,20,0.7057,0.7658,0.9056,0.9741,0,base
1749,19,20,0.7652,0.8476,0.7519,0.9011,0,base
1750,222,20,0.7974,0.8259,0.8995,0.9954,0,base
1751,63,20,0.8532,0.8804,0.7823,0.9924,0,base
1752,19,20,0.8916,0.9882,0.7473,0.9893,0,base
1753,70,21,0.0297,0.0688,0.0031,0.1177,0,base
1754,11,21,0.0341,0.0737,0.1361,0.2355,0,base
1755,37,21,0.0762,0.1487,0.0275,0.0688,0,base
1756,232,21,0.0917,0.158,0.0749,0.1391,0,base
1757,2,21,0.0942,0.1307,0.1483,0.2462,0,validation
1758,187,21,0.1685,0.2237,0.0214,0.2492,0,validation
1759,144,21,0.2454,0.2794,0.0413,0.2232,0,base
1760,144,21,0.2869,0.3191,0.081,0.2232,0,base
1761,75,21,0.2404,0.3513,0.2217,0.2492,0,base
1762,213,21,0.334,0.4108,0.0031,0.1667,0,base
1763,222,21,0.381,0.4133,0.1422,0.2462,0,base
1764,63,21,0.438,0.4603,0.0321,0.2477,0,base
1765,213,21,0.4851,0.5607,0.0015,0.1606,0,base
1766,70,21,0.5112,0.5496,0.1422,0.2462,0,base
1767,11,21,0.583,0.619,0.0031,0.1055,0,base
1768,37,21,0.5607,0.6314,0.1177,0.1621,0,base
1769,232,21,0.5824,0.6487,0.1667,0.2294,0,base
1770,2,21,0.6444,0.6815,0.0046,0.0994,0,validation
1771,187,21,0.6815,0.7404,0.0413,0.2477,0,validation
1772,16,21,0.7757,0.8494,0.0031,0.2523,0,base
1773,41,21,0.8538,0.8891,0.0596,0.1422,0,base
1774,239,21,0.8172,0.9337,0.1422,0.2523,0,base
1775,73,21,0.8971,0.9833,0.0214,0.107,0,base
1776,128,21,0.9275,0.9851,0.1024,0.1621,0,base
1777,2,21,0.0192,0.0545,0.2645,0.3624,0,validation
1778,187,21,0.0545,0.1084,0.2982,0.4786,0,validation
1779,17,21,0.1183,0.2082,0.2768,0.4266,0,base
1780,41,21,0.1611,0.1989,0.4083,0.4832,0,base
1781,51,21,0.2224,0.2869,0.2645,0.4908,0,base
1782,70,21,0.2949,0.3315,0.2798,0.3838,0,base
1783,2,21,0.3488,0.381,0.2661,0.3624,0,validation
1784,240,21,0.9418,0.9833,0.1606,0.2492,0,base
1785,240,21,0.2993,0.3364,0.4052,0.4924,0,base
1786,187,21,0.3866,0.4492,0.2844,0.4908,0,validation
1787,13,21,0.4684,0.5062,0.2645,0.4908,0,base
1788,156,21,0.5087,0.609,0.2661,0.4939,0,base
1789,17,21,0.609,0.6964,0.2554,0.4924,0,base
1790,70,21,0.7107,0.7478,0.2645,0.3746,0,base
1791,34,21,0.7038,0.7478,0.393,0.4725,0,base
1792,2,21,0.759,0.79,0.2661,0.3654,0,validation
1793,187,21,0.7627,0.8079,0.3578,0.4924,0,validation
1794,13,21,0.8247,0.8594,0.2599,0.4908,0,base
1795,156,21,0.8569,0.9114,0.2859,0.4908,0,base
1796,18,21,0.9077,0.9857,0.2768,0.4969,0,base
1797,169,21,0.0043,0.1382,0.5214,0.6208,0,base
1798,34,21,0.044,0.0892,0.6346,0.7125,0,base
1799,2,21,0.1468,0.1753,0.5046,0.6131,0,validation
1800,187,21,0.1462,0.2001,0.6009,0.7385,0,validation
1801,13,21,0.2323,0.2726,0.5092,0.7416,0,base
1802,156,21,0.272,0.3817,0.5092,0.7416,0,base
1803,26,21,0.3736,0.4579,0.5214,0.7416,0,base
1804,241,21,0.4808,0.5397,0.5229,0.6086,0,base
1805,34,21,0.4827,0.5285,0.633,0.708,0,base
1806,2,21,0.5471,0.5849,0.5275,0.6376,0,validation
1807,55,21,0.5397,0.5929,0.6636,0.7294,0,base
1808,187,21,0.6078,0.666,0.5122,0.7385,0,validation
1809,37,21,0.6958,0.7602,0.5275,0.5887,0,base
1810,41,21,0.7107,0.7478,0.5841,0.656,0,base
1811,82,21,0.6983,0.7708,0.6575,0.7416,0,base
1812,107,21,0.8247,0.8569,0.5031,0.552,0,base
1813,239,21,0.7608,0.8625,0.555,0.6498,0,base
1814,2,21,0.8116,0.8389,0.6009,0.682,0,validation
1815,55,21,0.8426,0.891,0.6514,0.7156,0,base
1816,187,21,0.899,0.9572,0.5092,0.7416,0,validation
1817,37,21,0.0167,0.0898,0.7798,0.8287,0,base
1818,53,21,0.0099,0.0861,0.8456,0.9924,0,base
1819,45,21,0.0923,0.1605,0.7661,0.9924,0,base
1820,233,21,0.1561,0.2577,0.789,0.9893,0,base
1821,2,21,0.2621,0.2943,0.7661,0.8639,0,validation
1822,55,21,0.2596,0.3092,0.8853,0.9495,0,base
1823,187,21,0.3166,0.3761,0.7599,0.9924,0,validation
1824,37,21,0.3959,0.4628,0.7783,0.8333,0,base
1825,48,21,0.4083,0.4727,0.8517,0.9404,0,base
1826,155,21,0.4851,0.5502,0.7966,0.9924,0,base
1827,34,21,0.5632,0.6053,0.7783,0.8578,0,base
1828,2,21,0.5651,0.6041,0.867,0.9709,0,validation
1829,187,21,0.6128,0.6716,0.7554,0.9801,0,validation
1830,37,21,0.6884,0.7627,0.7691,0.8272,0,base
1831,38,21,0.6859,0.7454,0.8211,0.9006,0,base
1832,10,21,0.6884,0.7677,0.9067,0.9679,0,base
1833,34,21,0.7751,0.8172,0.7783,0.8471,0,base
1834,2,21,0.7751,0.8098,0.8593,0.9618,0,validation
1835,187,21,0.8222,0.8767,0.763,0.9817,0,validation
1836,37,21,0.8916,0.9622,0.7829,0.8242,0,base
1837,212,21,0.9015,0.9566,0.8578,0.945,0,base
1838,144,22,0.0315,0.071,0.077,0.2667,0,base
1839,34,22,0.0753,0.1148,0.0533,0.123,0,base
1840,2,22,0.0778,0.1123,0.1437,0.2489,0,validation
1841,187,22,0.1253,0.1815,0.043,0.2652,0,validation
1842,184,22,0.2037,0.2654,0.04,0.1467,0,base
1843,50,22,0.2068,0.2512,0.1541,0.2652,0,base
1844,73,22,0.2704,0.3543,0.0519,0.1289,0,base
1845,14,22,0.2611,0.358,0.1467,0.2607,0,base
1846,48,22,0.3642,0.4259,0.0459,0.1348,0,base
1847,2,22,0.3691,0.4037,0.1348,0.2474,0,validation
1848,187,22,0.4284,0.4907,0.0415,0.2563,0,validation
1849,152,22,0.5173,0.5568,0.0163,0.1763,0,base
1850,50,22,0.5049,0.5438,0.157,0.2578,0,base
1851,237,22,0.5716,0.5969,0.0237,0.1289,0,base
1852,87,22,0.5605,0.6037,0.1481,0.2119,0,base
1853,48,22,0.616,0.6716,0.0222,0.1007,0,base
1854,2,22,0.6105,0.6481,0.1274,0.2296,0,validation
1855,187,22,0.6728,0.7321,0.0281,0.2474,0,validation
1856,187,22,0.7537,0.808,0.0059,0.243,0,validation
1857,37,22,0.8062,0.8765,0.0044,0.0533,0,base
1858,109,22,0.8191,0.8648,0.0548,0.1452,0,base
1859,2,22,0.821,0.8506,0.1437,0.2356,0,validation
1860,31,22,0.8864,0.9136,0.0104,0.0489,0,base
1861,37,22,0.8685,0.9321,0.0756,0.117,0,base
1862,72,22,0.8605,0.9222,0.12,0.2415,0,base
1863,2,22,0.9432,0.9747,0.0059,0.0756,0,validation
1864,187,22,0.937,0.9914,0.0756,0.2415,0,validation
1865,41,22,0.0309,0.0654,0.2844,0.363,0,base
1866,37,22,0.0191,0.0877,0.3719,0.4133,0,base
1867,109,22,0.0333,0.0778,0.4015,0.4933,0,base
1868,106,22,0.0907,0.1568,0.2963,0.3541,0,base
1869,37,22,0.0938,0.1623,0.36,0.4074,0,base
1870,72,22,0.0901,0.1722,0.4311,0.4726,0,base
1871,2,22,0.1815,0.2111,0.283,0.3659,0,validation
1872,187,22,0.1864,0.2321,0.3556,0.5052,0,validation
1873,187,22,0.2654,0.3148,0.2859,0.4993,0,validation
1874,13,22,0.316,0.3593,0.277,0.4978,0,base
1875,39,22,0.3667,0.4068,0.3007,0.3659,0,validation
1876,3,22,0.3642,0.4062,0.3956,0.4519,0,base
1877,205,22,0.4284,0.4759,0.283,0.4963,0,base
1878,9,22,0.463,0.4951,0.2652,0.3363,0,base
1879,45,22,0.5099,0.5519,0.2652,0.3896,0,base
1880,213,22,0.5543,0.6191,0.2681,0.437,0,base
1881,205,22,0.663,0.7099,0.3037,0.4904,0,base
1882,9,22,0.6852,0.7204,0.2563,0.3156,0,base
1883,166,22,0.7346,0.8111,0.2593,0.397,0,base
1884,59,22,0.7321,0.7716,0.403,0.4741,0,base
1885,155,22,0.7864,0.821,0.3096,0.4844,0,base
1886,9,22,0.8611,0.8969,0.2533,0.3126,0,base
1887,205,22,0.8302,0.8765,0.2978,0.4785,0,base
1888,13,22,0.8926,0.9235,0.2652,0.4785,0,base
1889,156,22,0.9228,0.9963,0.2711,0.4756,0,base
1890,223,22,0.0222,0.0932,0.5319,0.5763,0,base
1891,86,22,0.0395,0.1006,0.5793,0.7481,0,base
1892,9,22,0.1494,0.1889,0.517,0.5926,0,base
1893,205,22,0.121,0.1691,0.5615,0.7452,0,base
1894,202,22,0.1741,0.2136,0.5156,0.7452,0,base
1895,113,22,0.2284,0.266,0.5333,0.6815,0,validation
1896,168,22,0.2753,0.3012,0.523,0.7348,0,base
1897,113,22,0.313,0.3519,0.5393,0.7052,0,validation
1898,86,22,0.3549,0.4111,0.5378,0.7348,0,base
1899,9,22,0.458,0.4926,0.5037,0.5926,0,base
1900,205,22,0.4315,0.4741,0.5407,0.7333,0,base
1901,92,22,0.4858,0.5426,0.5319,0.7289,0,base
1902,87,22,0.5395,0.5914,0.5111,0.603,0,base
1903,70,22,0.5556,0.5877,0.5807,0.6889,0,base
1904,29,22,0.6025,0.6364,0.5081,0.5763,0,validation
1905,188,22,0.592,0.666,0.6267,0.683,0,base
1906,39,22,0.6957,0.737,0.517,0.5941,0,validation
1907,3,22,0.6914,0.7346,0.6178,0.6711,0,base
1908,5,22,0.7426,0.7691,0.5289,0.7215,0,base
1909,82,22,0.779,0.8389,0.5081,0.5911,0,base
1910,64,22,0.7765,0.8383,0.6089,0.717,0,base
1911,63,22,0.8414,0.8605,0.5378,0.7215,0,base
1912,5,22,0.8685,0.8932,0.4889,0.6311,0,base
1913,82,22,0.858,0.9105,0.6444,0.7156,0,base
1914,207,22,0.9025,0.942,0.4963,0.6533,0,base
1915,120,22,0.9617,0.9864,0.4844,0.6281,0,base
1916,239,22,0.9031,0.9963,0.6222,0.7156,0,base
1917,11,22,0.0494,0.0802,0.7659,0.8415,0,base
1918,98,22,0.0358,0.1068,0.8281,0.923,0,base
1919,2,22,0.0599,0.0877,0.9081,0.9881,0,validation
1920,187,22,0.1148,0.1673,0.7748,0.9911,0,validation
1921,73,22,0.1765,0.2636,0.7867,0.8667,0,base
1922,214,22,0.1815,0.2216,0.8993,0.9956,0,base
1923,219,22,0.2444,0.3099,0.7926,0.9896,0,base
1924,187,22,0.3352,0.3877,0.7733,0.9822,0,validation
1925,13,22,0.3914,0.4247,0.763,0.9778,0,base
1926,165,22,0.4333,0.5012,0.7526,0.8252,0,base
1927,67,22,0.4407,0.4926,0.8252,0.9141,0,base
1928,107,22,0.4469,0.4938,0.917,0.9644,0,base
1929,45,22,0.5333,0.5747,0.7363,0.8578,0,base
1930,213,22,0.5741,0.6407,0.7363,0.8889,0,base
1931,67,22,0.671,0.7198,0.7511,0.8533,0,base
1932,107,22,0.6728,0.7173,0.8756,0.9319,0,base
1933,154,22,0.7395,0.7901,0.7363,0.8756,0,base
1934,59,22,0.7346,0.7716,0.8741,0.9437,0,base
1935,155,22,0.7852,0.8265,0.763,0.9644,0,base
1936,67,22,0.8457,0.8877,0.7393,0.8356,0,base
1937,107,22,0.8457,0.879,0.8637,0.9052,0,base
1938,156,22,0.9062,0.9895,0.7215,0.8459,0,base
1939,223,22,0.9025,0.9741,0.8667,0.917,0,base
1940,137,23,0.0574,0.1013,0.0277,0.1202,0,base
1941,67,23,0.047,0.0958,0.1325,0.2203,0,base
1942,157,23,0.1215,0.1728,0.0169,0.1572,0,base
1943,59,23,0.1172,0.1581,0.1649,0.2373,0,base
1944,155,23,0.1679,0.2106,0.0586,0.2589,0,base
1945,99,23,0.2363,0.2759,0.0339,0.1263,0,base
1946,67,23,0.2295,0.2802,0.1325,0.228,0,base
1947,156,23,0.2973,0.3816,0.0123,0.1633,0,base
1948,223,23,0.2973,0.3681,0.1757,0.2311,0,base
1949,86,23,0.3834,0.4487,0.0555,0.2573,0,base
1950,99,23,0.4731,0.5134,0.0401,0.1263,0,base
1951,67,23,0.4707,0.5171,0.1263,0.2188,0,base
1952,202,23,0.525,0.5659,0.0154,0.2496,0,base
1953,113,23,0.5696,0.6111,0.0909,0.245,0,validation
1954,168,23,0.6172,0.6392,0.0216,0.2558,0,base
1955,113,23,0.649,0.6966,0.0539,0.208,0,validation
1956,86,23,0.7039,0.754,0.0616,0.2558,0,base
1957,99,23,0.7833,0.8248,0.0339,0.1202,0,base
1958,67,23,0.779,0.8278,0.1325,0.2188,0,base
1959,92,23,0.8321,0.8834,0.0339,0.2527,0,base
1960,87,23,0.8871,0.9371,0.0092,0.114,0,base
1961,70,23,0.8932,0.9267,0.1217,0.225,0,base
1962,29,23,0.9469,0.9811,0.0185,0.1017,0,validation
1963,188,23,0.9298,0.9982,0.1572,0.2188,0,base
1964,81,23,0.0592,0.0995,0.2881,0.4114,0,base
1965,72,23,0.0446,0.1215,0.4299,0.4746,0,base
1966,82,23,0.1252,0.1874,0.2804,0.3636,0,base
1967,64,23,0.127,0.1886,0.3667,0.4499,0,base
1968,63,23,0.2094,0.2277,0.2989,0.4931,0,base
1969,72,23,0.2509,0.3346,0.2804,0.339,0,base
1970,82,23,0.2497,0.3144,0.3544,0.4284,0,base
1971,207,23,0.3303,0.3706,0.2804,0.4006,0,base
1972,239,23,0.2827,0.4182,0.3975,0.4977,0,base
1973,120,23,0.3907,0.4194,0.2758,0.4299,0,base
1974,11,23,0.4426,0.4756,0.2681,0.379,0,base
1975,98,23,0.4298,0.5,0.3606,0.4561,0,base
1976,2,23,0.5031,0.533,0.2897,0.4052,0,validation
1977,187,23,0.5659,0.6148,0.2943,0.4961,0,validation
1978,73,23,0.627,0.7063,0.3005,0.376,0,base
1979,214,23,0.6368,0.6795,0.3806,0.4961,0,base
1980,219,23,0.696,0.7637,0.2804,0.4961,0,base
1981,187,23,0.7857,0.8407,0.282,0.4915,0,validation
1982,13,23,0.8504,0.8846,0.2743,0.4961,0,base
1983,227,23,0.8919,0.9762,0.2681,0.4838,0,base
1984,10,23,0.0495,0.0897,0.5039,0.7365,0,base
1985,45,23,0.1422,0.1801,0.5085,0.6287,0,base
1986,213,23,0.1801,0.2485,0.5162,0.6595,0,base
1987,10,23,0.2949,0.3364,0.5023,0.7381,0,base
1988,154,23,0.3559,0.4121,0.5116,0.6317,0,base
1989,59,23,0.3516,0.3926,0.6502,0.7242,0,base
1990,155,23,0.4096,0.4469,0.5331,0.7381,0,base
1991,10,23,0.4829,0.5159,0.51,0.7381,0,base
1992,156,23,0.5342,0.6178,0.5054,0.6518,0,base
1993,223,23,0.5293,0.6099,0.6764,0.7242,0,base
1994,86,23,0.6294,0.6789,0.5254,0.7381,0,base
1995,10,23,0.6978,0.7369,0.5085,0.7381,0,base
1996,202,23,0.7424,0.7784,0.5085,0.7427,0,base
1997,113,23,0.7894,0.8309,0.5347,0.6934,0,validation
1998,168,23,0.8431,0.8639,0.527,0.7427,0,base
1999,113,23,0.8748,0.9151,0.5331,0.6872,0,validation
2000,86,23,0.9249,0.9719,0.5455,0.7396,0,base
2001,10,23,0.0519,0.105,0.7565,0.9954,0,base
2002,60,23,0.1068,0.163,0.755,0.9985,0,base
2003,87,23,0.1654,0.2173,0.7612,0.8475,0,base
2004,70,23,0.1752,0.2094,0.8475,0.9553,0,base
2005,29,23,0.2338,0.2662,0.7735,0.8505,0,validation
2006,188,23,0.2167,0.2863,0.8968,0.9615,0,base
2007,227,23,0.3217,0.395,0.7504,0.906,0,base
2008,42,23,0.3217,0.3907,0.9307,0.9831,0,base
2009,82,23,0.4048,0.4707,0.7766,0.8629,0,base
2010,64,23,0.406,0.4713,0.8798,0.9892,0,base
2011,63,23,0.4866,0.5098,0.7951,0.9954,0,base
2012,42,23,0.5366,0.6001,0.7766,0.8351,0,base
2013,82,23,0.5275,0.5977,0.8428,0.9337,0,base
2014,207,23,0.6032,0.6471,0.7766,0.9091,0,base
2015,239,23,0.5488,0.6813,0.9029,0.9954,0,base
2016,120,23,0.6532,0.6868,0.7612,0.9399,0,base
2017,11,23,0.7076,0.7393,0.7673,0.8737,0,base
2018,98,23,0.6905,0.7662,0.8706,0.9769,0,base
2019,2,23,0.7686,0.804,0.7797,0.8968,0,validation
2020,187,23,0.8291,0.873,0.755,0.9153,0,validation
2021,73,23,0.8297,0.9139,0.906,0.9784,0,base
2022,214,23,0.9133,0.9542,0.7488,0.8536,0,base
2023,219,23,0.9182,0.9872,0.792,0.9846,0,base
2024,54,24,0.0105,0.1482,0,0.2447,0,base
2025,47,24,0.1642,0.2847,0,0.0721,0,base
2026,12,24,0.1654,0.2153,0.0826,0.2327,0,base
2027,3,24,0.2183,0.2589,0.0676,0.1186,0,base
2028,4,24,0.2202,0.2392,0.1366,0.1907,0,base
2029,94,24,0.2515,0.2724,0.1006,0.2462,0,base
2030,29,24,0.294,0.3327,0.0165,0.0916,0,validation
2031,187,24,0.2995,0.3549,0.0961,0.2508,0,validation
2032,3,24,0.3795,0.425,0.012,0.0706,0,base
2033,12,24,0.3844,0.4237,0.0856,0.2207,0,base
2034,232,24,0.4385,0.5006,0.0105,0.0781,0,base
2035,4,24,0.4459,0.4637,0.0781,0.1321,0,base
2036,94,24,0.4692,0.4902,0.0706,0.2462,0,base
2037,29,24,0.5123,0.5474,0.0135,0.0826,0,validation
2038,187,24,0.5172,0.567,0.0856,0.2432,0,validation
2039,232,24,0.5916,0.6574,0.024,0.0946,0,base
2040,12,24,0.6009,0.6476,0.1081,0.2387,0,base
2041,162,24,0.6574,0.6894,0.0541,0.2462,0,base
2042,4,24,0.6993,0.7165,0.0255,0.0676,0,base
2043,94,24,0.7079,0.7282,0.0601,0.2462,0,base
2044,29,24,0.7417,0.7731,0.0225,0.1006,0,validation
2045,187,24,0.754,0.8026,0.0976,0.2447,0,validation
2046,162,24,0.8247,0.8616,0.0075,0.1562,0,base
2047,12,24,0.826,0.8653,0.1562,0.2447,0,base
2048,16,24,0.8758,0.9354,0.003,0.2417,0,base
2049,4,24,0.941,0.9576,0.0165,0.0706,0,base
2050,94,24,0.944,0.9649,0.0721,0.2447,0,base
2051,29,24,0.0203,0.0535,0.2688,0.3468,0,validation
2052,187,24,0.0523,0.1002,0.3003,0.476,0,validation
2053,16,24,0.1335,0.195,0.2598,0.3844,0,base
2054,12,24,0.1347,0.1814,0.3784,0.479,0,base
2055,206,24,0.203,0.2528,0.2763,0.479,0,base
2056,4,24,0.2663,0.2835,0.2748,0.3183,0,base
2057,94,24,0.2663,0.286,0.3288,0.479,0,base
2058,29,24,0.3007,0.3339,0.2583,0.3288,0,validation
2059,187,24,0.3093,0.3585,0.3318,0.479,0,validation
2060,206,24,0.377,0.4262,0.2703,0.476,0,base
2061,25,24,0.4317,0.4932,0.2568,0.3889,0,base
2062,4,24,0.4508,0.4692,0.4039,0.455,0,base
2063,94,24,0.5074,0.5246,0.2568,0.3844,0,base
2064,29,24,0.4975,0.5295,0.3949,0.467,0,validation
2065,187,24,0.5437,0.5935,0.2823,0.479,0,validation
2066,25,24,0.6187,0.6753,0.2643,0.479,0,base
2067,198,24,0.6734,0.7276,0.2988,0.479,0,base
2068,4,24,0.7362,0.7515,0.2688,0.3168,0,base
2069,94,24,0.7442,0.762,0.2928,0.476,0,base
2070,29,24,0.7755,0.8087,0.2583,0.3348,0,validation
2071,187,24,0.7829,0.8253,0.3348,0.4805,0,validation
2072,198,24,0.8419,0.8918,0.2523,0.3949,0,base
2073,220,24,0.8506,0.8936,0.3964,0.479,0,base
2074,43,24,0.9059,0.9662,0.2808,0.3423,0,base
2075,4,24,0.9108,0.928,0.3649,0.4219,0,base
2076,94,24,0.9367,0.9551,0.3468,0.476,0,base
2077,29,24,0.0203,0.0547,0.494,0.5691,0,validation
2078,187,24,0.0474,0.0978,0.539,0.7147,0,validation
2079,48,24,0.1285,0.1802,0.509,0.5841,0,base
2080,43,24,0.1298,0.1802,0.6141,0.6832,0,base
2081,40,24,0.1925,0.2349,0.5,0.6051,0,base
2082,4,24,0.198,0.2146,0.6171,0.6727,0,base
2083,94,24,0.2515,0.2712,0.491,0.6201,0,base
2084,29,24,0.2417,0.2774,0.6291,0.7042,0,validation
2085,187,24,0.2934,0.3432,0.5105,0.7132,0,validation
2086,99,24,0.369,0.4065,0.4955,0.5691,0,base
2087,187,24,0.377,0.4219,0.5751,0.7192,0,validation
2088,73,24,0.4268,0.5074,0.5015,0.5751,0,base
2089,4,24,0.4434,0.4582,0.6021,0.6532,0,base
2090,94,24,0.4717,0.4902,0.5586,0.7162,0,base
2091,29,24,0.5148,0.5517,0.4925,0.5691,0,validation
2092,187,24,0.5277,0.5793,0.5691,0.7192,0,validation
2093,99,24,0.6033,0.6415,0.509,0.5871,0,base
2094,73,24,0.5996,0.6845,0.5961,0.6652,0,base
2095,231,24,0.6863,0.7263,0.491,0.7192,0,base
2096,4,24,0.7362,0.7565,0.497,0.5511,0,base
2097,94,24,0.7411,0.762,0.5526,0.7192,0,base
2098,29,24,0.7755,0.8087,0.494,0.5691,0,validation
2099,187,24,0.8007,0.8493,0.5345,0.7147,0,validation
2100,231,24,0.8764,0.9114,0.497,0.7132,0,base
2101,118,24,0.9287,0.949,0.503,0.5871,0,base
2102,34,24,0.9157,0.9576,0.6126,0.6787,0,base
2103,94,24,0.0338,0.051,0.7282,0.8634,0,base
2104,29,24,0.0258,0.0572,0.8709,0.9444,0,validation
2105,187,24,0.0769,0.1335,0.7553,0.961,0,validation
2106,118,24,0.1636,0.1882,0.7492,0.8453,0,base
2107,48,24,0.1581,0.2097,0.8574,0.9354,0,base
2108,217,24,0.2196,0.2688,0.7523,0.8183,0,base
2109,4,24,0.222,0.2392,0.8468,0.8934,0,base
2110,94,24,0.2466,0.2645,0.8213,0.9715,0,base
2111,29,24,0.2872,0.3229,0.7402,0.8153,0,validation
2112,187,24,0.2915,0.3376,0.8183,0.9655,0,validation
2113,217,24,0.3696,0.4225,0.7462,0.8153,0,base
2114,107,24,0.3752,0.4127,0.8273,0.8694,0,base
2115,222,24,0.3795,0.4121,0.8709,0.958,0,base
2116,94,24,0.4446,0.4662,0.7312,0.8754,0,base
2117,29,24,0.436,0.4711,0.8769,0.955,0,validation
2118,187,24,0.4834,0.5375,0.7387,0.9595,0,validation
2119,107,24,0.5652,0.6082,0.7462,0.7973,0,base
2120,107,24,0.6242,0.6679,0.7492,0.7928,0,base
2121,222,24,0.5701,0.6021,0.8243,0.9234,0,base
2122,86,24,0.6279,0.6876,0.7793,0.9595,0,base
2123,94,24,0.7017,0.7196,0.7312,0.8754,0,base
2124,29,24,0.6925,0.7263,0.8844,0.9625,0,validation
2125,187,24,0.7411,0.7977,0.7492,0.9655,0,validation
2126,107,24,0.8247,0.8622,0.7553,0.8063,0,base
2127,86,24,0.8284,0.8788,0.7853,0.967,0,base
2128,19,24,0.8844,0.9533,0.7267,0.8649,0,base
2129,216,24,0.8838,0.9379,0.8754,0.9474,0,base
